Filename,
WO1_ANJO_1882_09_13-0002.xml,
WO1_BNER_1881_06_18-0008.xml,
WO1_CNMR_1800_06_14-0003.xml,
WO1_CNMR_1814_02_26-0002.xml,
WO1_CWPR_1803_12_24-0005.xml,
WO1_CWPR_1806_03_01-0005.xml,
WO1_CWPR_1812_01_04-0003.xml,
WO1_CWPR_1814_09_10-0002.xml,
WO1_CWPR_1818_01_17-0002.xml,
WO1_CWPR_1826_03_25-0015.xml,
WO1_CWPR_1827_03_10-0032.xml,
WO1_DNLN_1881_04_04-0009.xml,
WO1_DNLN_1881_07_06-0007.xml,
WO1_DNLN_1881_12_27-0001.xml,
WO1_DYMR_1808_08_11-0003.xml,
WO1_DYMR_1823_01_22-0002.xml,
WO1_DYMR_1881_05_04-0008.xml,
WO1_DYMR_1884_11_12-0003.xml,
WO1_ERLN_1880_11_07-0011.xml,
WO1_ERLN_1885_04_18-0004.xml,
WO1_EXLN_1811_06_09-0001.xml,
WO1_EXLN_1815_12_10-0001.xml,
WO1_EXLN_1880_05_29-0027.xml,
WO1_FRJO_1880_06_01-0003.xml,
WO1_FRJO_1882_01_09-0008.xml,
WO1_FRJO_1882_01_17-0001.xml,
WO1_FRJO_1885_01_29-0004.xml,
WO1_GCLN_1883_02_24-0011.xml,
WO1_GWHD_1826_06_23-0003.xml,
WO1_HLPA_1829_04_07-0002.xml,
WO1_HPTE_1806_05_12-0004.xml,
WO1_HPTE_1809_12_11-0004.xml,
WO1_IPJO_1800_11_29-0001.xml,
WO1_IPJO_1804_12_29-0003.xml,
WO1_JOJL_1816_01_20-0002.xml,
WO1_JOJL_1820_05_20-0003.xml,
WO1_LEMR_1811_08_31-0003.xml,
WO1_LEMR_1825_03_26-0004.xml,
WO1_LVMR_1812_10_02-0004.xml,
WO1_LVMR_1815_06_09-0006.xml,
WO1_MCLN_1803_03_21-0003.xml,
WO1_MCLN_1805_04_03-0002.xml,
WO1_MCLN_1807_01_12-0004.xml,
WO1_MCLN_1811_08_09-0002.xml,
WO1_MCLN_1812_12_10-0001.xml,
WO1_MCLN_1814_03_03-0003.xml,
WO1_MCLN_1815_02_21-0002.xml,
WO1_MCLN_1816_05_17-0002.xml,
WO1_MCLN_1824_12_03-0004.xml,
WO1_MCLN_1826_06_02-0001.xml,
WO1_MCLN_1826_11_07-0003.xml,
WO1_MCLN_1830_01_13-0001.xml,
WO1_MCLN_1830_06_04-0001.xml,
WO1_MRTM_1869_03_20_S-0003.xm,l
WO1_MRTM_1877_08_04_S-0005.xml,
WO1_TEFP_1805_10_17-0002.xml,
WO1_TEFP_1828_06_12-0001.xml,
