263	410	416	I:\BL_TXTS\1810s\1810\01\1810.01.04_CaledonianMercury_0002.txt	I:\BL_TXTS\1810s\1810\01\1810.01.01_TheMorningChronicle_0002.txt
299	399	400	I:\BL_TXTS\1810s\1810\01\1810.01.04_CaledonianMercury_0003.txt	I:\BL_TXTS\1810s\1810\01\1810.01.02_TheMorningChronicle_0003.txt
212	325	315	I:\BL_TXTS\1810s\1810\01\1810.01.04_TheMorningChronicle_0004.txt	I:\BL_TXTS\1810s\1810\01\1810.01.03_TheMorningChronicle_0004.txt
302	512	524	I:\BL_TXTS\1810s\1810\01\1810.01.06_CaledonianMercury_0002.txt	I:\BL_TXTS\1810s\1810\01\1810.01.03_TheMorningChronicle_0003.txt
310	445	448	I:\BL_TXTS\1810s\1810\01\1810.01.06_Cobbett'sWeeklyPoliticalRegister_0008.txt	I:\BL_TXTS\1810s\1810\01\1810.01.01_CaledonianMercury_0002.txt
315	452	459	I:\BL_TXTS\1810s\1810\01\1810.01.06_Cobbett'sWeeklyPoliticalRegister_0010.txt	I:\BL_TXTS\1810s\1810\01\1810.01.02_TheMorningChronicle_0002.txt
398	565	582	I:\BL_TXTS\1810s\1810\01\1810.01.06_Cobbett'sWeeklyPoliticalRegister_0011.txt	I:\BL_TXTS\1810s\1810\01\1810.01.02_TheMorningChronicle_0002.txt
450	606	640	I:\BL_TXTS\1810s\1810\01\1810.01.06_Cobbett'sWeeklyPoliticalRegister_0012.txt	I:\BL_TXTS\1810s\1810\01\1810.01.02_TheMorningChronicle_0002.txt
499	667	690	I:\BL_TXTS\1810s\1810\01\1810.01.06_Cobbett'sWeeklyPoliticalRegister_0013.txt	I:\BL_TXTS\1810s\1810\01\1810.01.02_TheMorningChronicle_0002.txt
387	513	520	I:\BL_TXTS\1810s\1810\01\1810.01.06_Cobbett'sWeeklyPoliticalRegister_0014.txt	I:\BL_TXTS\1810s\1810\01\1810.01.02_TheMorningChronicle_0003.txt
489	613	621	I:\BL_TXTS\1810s\1810\01\1810.01.06_Cobbett'sWeeklyPoliticalRegister_0014.txt	I:\BL_TXTS\1810s\1810\01\1810.01.04_CaledonianMercury_0003.txt
256	404	404	I:\BL_TXTS\1810s\1810\01\1810.01.06_Cobbett'sWeeklyPoliticalRegister_0015.txt	I:\BL_TXTS\1810s\1810\01\1810.01.03_TheMorningChronicle_0002.txt
204	298	299	I:\BL_TXTS\1810s\1810\01\1810.01.06_Jackson'sOxfordJournal_0004.txt	I:\BL_TXTS\1810s\1810\01\1810.01.04_TheDerbyMercury_0004.txt
311	475	495	I:\BL_TXTS\1810s\1810\01\1810.01.07_TheExaminer_0015.txt	I:\BL_TXTS\1810s\1810\01\1810.01.06_TheMorningChronicle_0003.txt
476	711	744	I:\BL_TXTS\1810s\1810\01\1810.01.08_CaledonianMercury_0002.txt	I:\BL_TXTS\1810s\1810\01\1810.01.03_TheMorningChronicle_0002.txt
212	399	389	I:\BL_TXTS\1810s\1810\01\1810.01.08_TheMorningChronicle_0004.txt	I:\BL_TXTS\1810s\1810\01\1810.01.01_TheMorningChronicle_0004.txt
525	744	756	I:\BL_TXTS\1810s\1810\01\1810.01.10_TheAberdeenJournal_0001.txt	I:\BL_TXTS\1810s\1810\01\1810.01.03_TheAberdeenJournal_0001.txt
537	791	763	I:\BL_TXTS\1810s\1810\01\1810.01.10_TheAberdeenJournal_0001.txt	I:\BL_TXTS\1810s\1810\01\1810.01.03_TheAberdeenJournal_0004.txt
412	582	594	I:\BL_TXTS\1810s\1810\01\1810.01.10_TheAberdeenJournal_0002.txt	I:\BL_TXTS\1810s\1810\01\1810.01.03_TheAberdeenJournal_0001.txt
205	287	291	I:\BL_TXTS\1810s\1810\01\1810.01.10_TheAberdeenJournal_0002.txt	I:\BL_TXTS\1810s\1810\01\1810.01.04_Trewman'sExeterFlyingPostorPlymouthandCornishAdvertiser_0004.txt
311	495	471	I:\BL_TXTS\1810s\1810\01\1810.01.11_CaledonianMercury_0002.txt	I:\BL_TXTS\1810s\1810\01\1810.01.07_TheExaminer_0004.txt
239	398	397	I:\BL_TXTS\1810s\1810\01\1810.01.11_CaledonianMercury_0002.txt	I:\BL_TXTS\1810s\1810\01\1810.01.07_TheExaminer_0005.txt
204	314	320	I:\BL_TXTS\1810s\1810\01\1810.01.11_CaledonianMercury_0004.txt	I:\BL_TXTS\1810s\1810\01\1810.01.10_TheAberdeenJournal_0002.txt
237	355	353	I:\BL_TXTS\1810s\1810\01\1810.01.11_TheDerbyMercury_0001.txt	I:\BL_TXTS\1810s\1810\01\1810.01.04_TheDerbyMercury_0001.txt
331	564	555	I:\BL_TXTS\1810s\1810\01\1810.01.11_TheDerbyMercury_0002.txt	I:\BL_TXTS\1810s\1810\01\1810.01.11_CaledonianMercury_0003.txt
363	557	563	I:\BL_TXTS\1810s\1810\01\1810.01.11_TheDerbyMercury_0004.txt	I:\BL_TXTS\1810s\1810\01\1810.01.04_TheDerbyMercury_0002.txt
454	785	783	I:\BL_TXTS\1810s\1810\01\1810.01.11_TheDerbyMercury_0004.txt	I:\BL_TXTS\1810s\1810\01\1810.01.04_TheDerbyMercury_0004.txt
534	885	931	I:\BL_TXTS\1810s\1810\01\1810.01.11_TheDerbyMercury_0004.txt	I:\BL_TXTS\1810s\1810\01\1810.01.06_Jackson'sOxfordJournal_0004.txt
302	482	487	I:\BL_TXTS\1810s\1810\01\1810.01.11_TheMorningChronicle_0002.txt	I:\BL_TXTS\1810s\1810\01\1810.01.04_TheMorningChronicle_0002.txt
414	696	699	I:\BL_TXTS\1810s\1810\01\1810.01.11_Trewman'sExeterFlyingPostorPlymouthandCornishAdvertiser_0002.txt	I:\BL_TXTS\1810s\1810\01\1810.01.04_Trewman'sExeterFlyingPostorPlymouthandCornishAdvertiser_0003.txt
236	368	383	I:\BL_TXTS\1810s\1810\01\1810.01.11_Trewman'sExeterFlyingPostorPlymouthandCornishAdvertiser_0002.txt	I:\BL_TXTS\1810s\1810\01\1810.01.06_TheMorningChronicle_0003.txt
318	491	477	I:\BL_TXTS\1810s\1810\01\1810.01.11_Trewman'sExeterFlyingPostorPlymouthandCornishAdvertiser_0002.txt	I:\BL_TXTS\1810s\1810\01\1810.01.07_TheExaminer_0015.txt
454	739	744	I:\BL_TXTS\1810s\1810\01\1810.01.11_Trewman'sExeterFlyingPostorPlymouthandCornishAdvertiser_0003.txt	I:\BL_TXTS\1810s\1810\01\1810.01.04_Trewman'sExeterFlyingPostorPlymouthandCornishAdvertiser_0002.txt
276	477	479	I:\BL_TXTS\1810s\1810\01\1810.01.11_Trewman'sExeterFlyingPostorPlymouthandCornishAdvertiser_0003.txt	I:\BL_TXTS\1810s\1810\01\1810.01.04_Trewman'sExeterFlyingPostorPlymouthandCornishAdvertiser_0003.txt
242	389	395	I:\BL_TXTS\1810s\1810\01\1810.01.11_Trewman'sExeterFlyingPostorPlymouthandCornishAdvertiser_0003.txt	I:\BL_TXTS\1810s\1810\01\1810.01.04_Trewman'sExeterFlyingPostorPlymouthandCornishAdvertiser_0004.txt
329	545	515	I:\BL_TXTS\1810s\1810\01\1810.01.13_CaledonianMercury_0004.txt	I:\BL_TXTS\1810s\1810\01\1810.01.06_CaledonianMercury_0004.txt
293	502	507	I:\BL_TXTS\1810s\1810\01\1810.01.13_Cobbett'sWeeklyPoliticalRegister_0013.txt	I:\BL_TXTS\1810s\1810\01\1810.01.03_TheMorningChronicle_0003.txt
202	291	291	I:\BL_TXTS\1810s\1810\01\1810.01.13_Cobbett'sWeeklyPoliticalRegister_0014.txt	I:\BL_TXTS\1810s\1810\01\1810.01.06_CaledonianMercury_0002.txt
252	397	389	I:\BL_TXTS\1810s\1810\01\1810.01.13_Cobbett'sWeeklyPoliticalRegister_0015.txt	I:\BL_TXTS\1810s\1810\01\1810.01.03_TheMorningChronicle_0003.txt
427	610	594	I:\BL_TXTS\1810s\1810\01\1810.01.13_Cobbett'sWeeklyPoliticalRegister_0015.txt	I:\BL_TXTS\1810s\1810\01\1810.01.06_CaledonianMercury_0002.txt
209	312	306	I:\BL_TXTS\1810s\1810\01\1810.01.13_Cobbett'sWeeklyPoliticalRegister_0016.txt	I:\BL_TXTS\1810s\1810\01\1810.01.06_CaledonianMercury_0002.txt
397	626	623	I:\BL_TXTS\1810s\1810\01\1810.01.13_Jackson'sOxfordJournal_0001.txt	I:\BL_TXTS\1810s\1810\01\1810.01.06_Jackson'sOxfordJournal_0001.txt
543	743	731	I:\BL_TXTS\1810s\1810\01\1810.01.13_Jackson'sOxfordJournal_0001.txt	I:\BL_TXTS\1810s\1810\01\1810.01.06_Jackson'sOxfordJournal_0002.txt
444	691	686	I:\BL_TXTS\1810s\1810\01\1810.01.13_Jackson'sOxfordJournal_0001.txt	I:\BL_TXTS\1810s\1810\01\1810.01.06_Jackson'sOxfordJournal_0003.txt
1061	1442	1435	I:\BL_TXTS\1810s\1810\01\1810.01.13_Jackson'sOxfordJournal_0001.txt	I:\BL_TXTS\1810s\1810\01\1810.01.06_Jackson'sOxfordJournal_0004.txt
208	316	308	I:\BL_TXTS\1810s\1810\01\1810.01.13_Jackson'sOxfordJournal_0002.txt	I:\BL_TXTS\1810s\1810\01\1810.01.06_Jackson'sOxfordJournal_0002.txt
275	440	423	I:\BL_TXTS\1810s\1810\01\1810.01.13_Jackson'sOxfordJournal_0003.txt	I:\BL_TXTS\1810s\1810\01\1810.01.06_Jackson'sOxfordJournal_0003.txt
582	878	859	I:\BL_TXTS\1810s\1810\01\1810.01.13_Jackson'sOxfordJournal_0004.txt	I:\BL_TXTS\1810s\1810\01\1810.01.06_Jackson'sOxfordJournal_0001.txt
239	362	355	I:\BL_TXTS\1810s\1810\01\1810.01.13_Jackson'sOxfordJournal_0004.txt	I:\BL_TXTS\1810s\1810\01\1810.01.08_TheMorningChronicle_0003.txt
407	634	609	I:\BL_TXTS\1810s\1810\01\1810.01.13_Jackson'sOxfordJournal_0004.txt	I:\BL_TXTS\1810s\1810\01\1810.01.11_Trewman'sExeterFlyingPostorPlymouthandCornishAdvertiser_0003.txt
247	408	392	I:\BL_TXTS\1810s\1810\01\1810.01.15_CaledonianMercury_0001.txt	I:\BL_TXTS\1810s\1810\01\1810.01.13_CaledonianMercury_0003.txt
499	696	704	I:\BL_TXTS\1810s\1810\01\1810.01.15_CaledonianMercury_0002.txt	I:\BL_TXTS\1810s\1810\01\1810.01.11_TheMorningChronicle_0003.txt
210	294	291	I:\BL_TXTS\1810s\1810\01\1810.01.15_CaledonianMercury_0002.txt	I:\BL_TXTS\1810s\1810\01\1810.01.14_TheExaminer_0002.txt
396	627	625	I:\BL_TXTS\1810s\1810\01\1810.01.15_CaledonianMercury_0002.txt	I:\BL_TXTS\1810s\1810\01\1810.01.14_TheExaminer_0003.txt
381	663	630	I:\BL_TXTS\1810s\1810\01\1810.01.15_CaledonianMercury_0004.txt	I:\BL_TXTS\1810s\1810\01\1810.01.01_CaledonianMercury_0004.txt
207	347	352	I:\BL_TXTS\1810s\1810\01\1810.01.15_CaledonianMercury_0004.txt	I:\BL_TXTS\1810s\1810\01\1810.01.04_CaledonianMercury_0004.txt
215	321	301	I:\BL_TXTS\1810s\1810\01\1810.01.15_CaledonianMercury_0004.txt	I:\BL_TXTS\1810s\1810\01\1810.01.11_CaledonianMercury_0004.txt
308	491	491	I:\BL_TXTS\1810s\1810\01\1810.01.15_TheMorningChronicle_0004.txt	I:\BL_TXTS\1810s\1810\01\1810.01.01_TheMorningChronicle_0004.txt
310	464	481	I:\BL_TXTS\1810s\1810\01\1810.01.17_TheAberdeenJournal_0001.txt	I:\BL_TXTS\1810s\1810\01\1810.01.03_TheAberdeenJournal_0001.txt
374	521	514	I:\BL_TXTS\1810s\1810\01\1810.01.17_TheAberdeenJournal_0001.txt	I:\BL_TXTS\1810s\1810\01\1810.01.03_TheAberdeenJournal_0004.txt
979	1372	1386	I:\BL_TXTS\1810s\1810\01\1810.01.17_TheAberdeenJournal_0001.txt	I:\BL_TXTS\1810s\1810\01\1810.01.10_TheAberdeenJournal_0001.txt
328	511	499	I:\BL_TXTS\1810s\1810\01\1810.01.17_TheAberdeenJournal_0001.txt	I:\BL_TXTS\1810s\1810\01\1810.01.10_TheAberdeenJournal_0003.txt
573	780	760	I:\BL_TXTS\1810s\1810\01\1810.01.17_TheAberdeenJournal_0001.txt	I:\BL_TXTS\1810s\1810\01\1810.01.10_TheAberdeenJournal_0004.txt
364	541	536	I:\BL_TXTS\1810s\1810\01\1810.01.17_TheAberdeenJournal_0002.txt	I:\BL_TXTS\1810s\1810\01\1810.01.03_TheAberdeenJournal_0001.txt
453	693	697	I:\BL_TXTS\1810s\1810\01\1810.01.17_TheAberdeenJournal_0002.txt	I:\BL_TXTS\1810s\1810\01\1810.01.03_TheAberdeenJournal_0002.txt
476	653	637	I:\BL_TXTS\1810s\1810\01\1810.01.17_TheAberdeenJournal_0002.txt	I:\BL_TXTS\1810s\1810\01\1810.01.10_TheAberdeenJournal_0002.txt
277	336	356	I:\BL_TXTS\1810s\1810\01\1810.01.17_TheAberdeenJournal_0003.txt	I:\BL_TXTS\1810s\1810\01\1810.01.03_TheAberdeenJournal_0002.txt
212	326	313	I:\BL_TXTS\1810s\1810\01\1810.01.17_TheAberdeenJournal_0003.txt	I:\BL_TXTS\1810s\1810\01\1810.01.13_CaledonianMercury_0002.txt
202	282	275	I:\BL_TXTS\1810s\1810\01\1810.01.17_TheAberdeenJournal_0004.txt	I:\BL_TXTS\1810s\1810\01\1810.01.10_TheAberdeenJournal_0004.txt
250	413	395	I:\BL_TXTS\1810s\1810\01\1810.01.17_TheAberdeenJournal_0004.txt	I:\BL_TXTS\1810s\1810\01\1810.01.15_CaledonianMercury_0003.txt
621	945	924	I:\BL_TXTS\1810s\1810\01\1810.01.18_CaledonianMercury_0004.txt	I:\BL_TXTS\1810s\1810\01\1810.01.11_CaledonianMercury_0004.txt
350	565	559	I:\BL_TXTS\1810s\1810\01\1810.01.18_CaledonianMercury_0004.txt	I:\BL_TXTS\1810s\1810\01\1810.01.15_CaledonianMercury_0004.txt
246	380	382	I:\BL_TXTS\1810s\1810\01\1810.01.18_TheDerbyMercury_0001.txt	I:\BL_TXTS\1810s\1810\01\1810.01.11_TheDerbyMercury_0001.txt
271	444	457	I:\BL_TXTS\1810s\1810\01\1810.01.18_TheDerbyMercury_0001.txt	I:\BL_TXTS\1810s\1810\01\1810.01.13_Jackson'sOxfordJournal_0002.txt
354	581	593	I:\BL_TXTS\1810s\1810\01\1810.01.18_TheDerbyMercury_0002.txt	I:\BL_TXTS\1810s\1810\01\1810.01.11_TheDerbyMercury_0002.txt
212	309	297	I:\BL_TXTS\1810s\1810\01\1810.01.18_TheDerbyMercury_0002.txt	I:\BL_TXTS\1810s\1810\01\1810.01.15_CaledonianMercury_0002.txt
305	565	568	I:\BL_TXTS\1810s\1810\01\1810.01.18_TheDerbyMercury_0003.txt	I:\BL_TXTS\1810s\1810\01\1810.01.11_TheDerbyMercury_0003.txt
548	839	834	I:\BL_TXTS\1810s\1810\01\1810.01.18_TheDerbyMercury_0004.txt	I:\BL_TXTS\1810s\1810\01\1810.01.04_TheDerbyMercury_0004.txt
220	354	355	I:\BL_TXTS\1810s\1810\01\1810.01.18_TheDerbyMercury_0004.txt	I:\BL_TXTS\1810s\1810\01\1810.01.06_Jackson'sOxfordJournal_0001.txt
282	456	448	I:\BL_TXTS\1810s\1810\01\1810.01.20_CaledonianMercury_0004.txt	I:\BL_TXTS\1810s\1810\01\1810.01.13_CaledonianMercury_0004.txt
912	1291	1282	I:\BL_TXTS\1810s\1810\01\1810.01.20_Jackson'sOxfordJournal_0001.txt	I:\BL_TXTS\1810s\1810\01\1810.01.06_Jackson'sOxfordJournal_0001.txt
801	1132	1120	I:\BL_TXTS\1810s\1810\01\1810.01.20_Jackson'sOxfordJournal_0001.txt	I:\BL_TXTS\1810s\1810\01\1810.01.13_Jackson'sOxfordJournal_0001.txt
1040	1507	1589	I:\BL_TXTS\1810s\1810\01\1810.01.20_Jackson'sOxfordJournal_0001.txt	I:\BL_TXTS\1810s\1810\01\1810.01.13_Jackson'sOxfordJournal_0002.txt
567	717	728	I:\BL_TXTS\1810s\1810\01\1810.01.20_Jackson'sOxfordJournal_0001.txt	I:\BL_TXTS\1810s\1810\01\1810.01.13_Jackson'sOxfordJournal_0004.txt
300	544	547	I:\BL_TXTS\1810s\1810\01\1810.01.20_Jackson'sOxfordJournal_0002.txt	I:\BL_TXTS\1810s\1810\01\1810.01.17_TheMorningChronicle_0003.txt
367	623	621	I:\BL_TXTS\1810s\1810\01\1810.01.20_Jackson'sOxfordJournal_0002.txt	I:\BL_TXTS\1810s\1810\01\1810.01.20_CaledonianMercury_0002.txt
399	578	583	I:\BL_TXTS\1810s\1810\01\1810.01.20_Jackson'sOxfordJournal_0002.txt	I:\BL_TXTS\1810s\1810\01\1810.01.20_Cobbett'sWeeklyPoliticalRegister_0013.txt
214	333	335	I:\BL_TXTS\1810s\1810\01\1810.01.20_Jackson'sOxfordJournal_0003.txt	I:\BL_TXTS\1810s\1810\01\1810.01.06_Jackson'sOxfordJournal_0003.txt
237	388	400	I:\BL_TXTS\1810s\1810\01\1810.01.20_Jackson'sOxfordJournal_0003.txt	I:\BL_TXTS\1810s\1810\01\1810.01.13_Jackson'sOxfordJournal_0003.txt
227	369	363	I:\BL_TXTS\1810s\1810\01\1810.01.20_Jackson'sOxfordJournal_0004.txt	I:\BL_TXTS\1810s\1810\01\1810.01.04_TheDerbyMercury_0002.txt
1312	1830	1889	I:\BL_TXTS\1810s\1810\01\1810.01.20_Jackson'sOxfordJournal_0004.txt	I:\BL_TXTS\1810s\1810\01\1810.01.06_Jackson'sOxfordJournal_0004.txt
743	1219	1202	I:\BL_TXTS\1810s\1810\01\1810.01.20_Jackson'sOxfordJournal_0004.txt	I:\BL_TXTS\1810s\1810\01\1810.01.11_TheDerbyMercury_0004.txt
223	328	333	I:\BL_TXTS\1810s\1810\01\1810.01.20_Jackson'sOxfordJournal_0004.txt	I:\BL_TXTS\1810s\1810\01\1810.01.13_Jackson'sOxfordJournal_0004.txt
321	521	528	I:\BL_TXTS\1810s\1810\01\1810.01.20_Jackson'sOxfordJournal_0004.txt	I:\BL_TXTS\1810s\1810\01\1810.01.15_CaledonianMercury_0001.txt
266	451	423	I:\BL_TXTS\1810s\1810\01\1810.01.20_Jackson'sOxfordJournal_0004.txt	I:\BL_TXTS\1810s\1810\01\1810.01.15_TheMorningChronicle_0002.txt
308	485	479	I:\BL_TXTS\1810s\1810\01\1810.01.20_Jackson'sOxfordJournal_0004.txt	I:\BL_TXTS\1810s\1810\01\1810.01.18_TheDerbyMercury_0001.txt
342	475	479	I:\BL_TXTS\1810s\1810\01\1810.01.20_Jackson'sOxfordJournal_0004.txt	I:\BL_TXTS\1810s\1810\01\1810.01.18_TheDerbyMercury_0002.txt
288	434	438	I:\BL_TXTS\1810s\1810\01\1810.01.20_Jackson'sOxfordJournal_0004.txt	I:\BL_TXTS\1810s\1810\01\1810.01.18_TheDerbyMercury_0004.txt
218	353	350	I:\BL_TXTS\1810s\1810\01\1810.01.20_TheIpswichJournal_0001.txt	I:\BL_TXTS\1810s\1810\01\1810.01.20_Jackson'sOxfordJournal_0004.txt
307	544	547	I:\BL_TXTS\1810s\1810\01\1810.01.20_TheLeedsMercury_0004.txt	I:\BL_TXTS\1810s\1810\01\1810.01.20_Jackson'sOxfordJournal_0004.txt
282	522	518	I:\BL_TXTS\1810s\1810\01\1810.01.21_TheExaminer_0004.txt	I:\BL_TXTS\1810s\1810\01\1810.01.17_TheMorningChronicle_0003.txt
206	342	343	I:\BL_TXTS\1810s\1810\01\1810.01.21_TheExaminer_0004.txt	I:\BL_TXTS\1810s\1810\01\1810.01.20_CaledonianMercury_0002.txt
361	458	462	I:\BL_TXTS\1810s\1810\01\1810.01.21_TheExaminer_0004.txt	I:\BL_TXTS\1810s\1810\01\1810.01.20_Cobbett'sWeeklyPoliticalRegister_0012.txt
471	624	623	I:\BL_TXTS\1810s\1810\01\1810.01.21_TheExaminer_0004.txt	I:\BL_TXTS\1810s\1810\01\1810.01.20_Cobbett'sWeeklyPoliticalRegister_0013.txt
730	1161	1142	I:\BL_TXTS\1810s\1810\01\1810.01.21_TheExaminer_0004.txt	I:\BL_TXTS\1810s\1810\01\1810.01.20_Jackson'sOxfordJournal_0002.txt
250	430	416	I:\BL_TXTS\1810s\1810\01\1810.01.21_TheExaminer_0014.txt	I:\BL_TXTS\1810s\1810\01\1810.01.18_TheMorningChronicle_0002.txt
394	639	649	I:\BL_TXTS\1810s\1810\01\1810.01.22_CaledonianMercury_0004.txt	I:\BL_TXTS\1810s\1810\01\1810.01.15_CaledonianMercury_0004.txt
442	675	672	I:\BL_TXTS\1810s\1810\01\1810.01.24_TheAberdeenJournal_0001.txt	I:\BL_TXTS\1810s\1810\01\1810.01.03_TheAberdeenJournal_0001.txt
268	388	390	I:\BL_TXTS\1810s\1810\01\1810.01.24_TheAberdeenJournal_0001.txt	I:\BL_TXTS\1810s\1810\01\1810.01.03_TheAberdeenJournal_0004.txt
436	645	630	I:\BL_TXTS\1810s\1810\01\1810.01.24_TheAberdeenJournal_0001.txt	I:\BL_TXTS\1810s\1810\01\1810.01.10_TheAberdeenJournal_0001.txt
470	658	634	I:\BL_TXTS\1810s\1810\01\1810.01.24_TheAberdeenJournal_0001.txt	I:\BL_TXTS\1810s\1810\01\1810.01.10_TheAberdeenJournal_0002.txt
773	1042	998	I:\BL_TXTS\1810s\1810\01\1810.01.24_TheAberdeenJournal_0001.txt	I:\BL_TXTS\1810s\1810\01\1810.01.10_TheAberdeenJournal_0004.txt
1060	1475	1480	I:\BL_TXTS\1810s\1810\01\1810.01.24_TheAberdeenJournal_0001.txt	I:\BL_TXTS\1810s\1810\01\1810.01.17_TheAberdeenJournal_0001.txt
829	1114	1109	I:\BL_TXTS\1810s\1810\01\1810.01.24_TheAberdeenJournal_0001.txt	I:\BL_TXTS\1810s\1810\01\1810.01.17_TheAberdeenJournal_0002.txt
532	729	740	I:\BL_TXTS\1810s\1810\01\1810.01.24_TheAberdeenJournal_0001.txt	I:\BL_TXTS\1810s\1810\01\1810.01.17_TheAberdeenJournal_0004.txt
282	500	508	I:\BL_TXTS\1810s\1810\01\1810.01.24_TheAberdeenJournal_0002.txt	I:\BL_TXTS\1810s\1810\01\1810.01.06_Jackson'sOxfordJournal_0004.txt
276	375	381	I:\BL_TXTS\1810s\1810\01\1810.01.24_TheAberdeenJournal_0002.txt	I:\BL_TXTS\1810s\1810\01\1810.01.10_TheAberdeenJournal_0002.txt
234	326	327	I:\BL_TXTS\1810s\1810\01\1810.01.24_TheAberdeenJournal_0002.txt	I:\BL_TXTS\1810s\1810\01\1810.01.10_TheAberdeenJournal_0004.txt
225	326	321	I:\BL_TXTS\1810s\1810\01\1810.01.24_TheAberdeenJournal_0002.txt	I:\BL_TXTS\1810s\1810\01\1810.01.18_CaledonianMercury_0003.txt
566	953	956	I:\BL_TXTS\1810s\1810\01\1810.01.24_TheAberdeenJournal_0002.txt	I:\BL_TXTS\1810s\1810\01\1810.01.20_Jackson'sOxfordJournal_0004.txt
244	379	369	I:\BL_TXTS\1810s\1810\01\1810.01.24_TheAberdeenJournal_0003.txt	I:\BL_TXTS\1810s\1810\01\1810.01.18_CaledonianMercury_0002.txt
228	346	347	I:\BL_TXTS\1810s\1810\01\1810.01.24_TheAberdeenJournal_0003.txt	I:\BL_TXTS\1810s\1810\01\1810.01.20_Jackson'sOxfordJournal_0001.txt
370	569	593	I:\BL_TXTS\1810s\1810\01\1810.01.25_CaledonianMercury_0001.txt	I:\BL_TXTS\1810s\1810\01\1810.01.18_CaledonianMercury_0004.txt
315	539	535	I:\BL_TXTS\1810s\1810\01\1810.01.25_CaledonianMercury_0002.txt	I:\BL_TXTS\1810s\1810\01\1810.01.22_TheMorningChronicle_0002.txt
284	472	476	I:\BL_TXTS\1810s\1810\01\1810.01.25_CaledonianMercury_0004.txt	I:\BL_TXTS\1810s\1810\01\1810.01.11_CaledonianMercury_0004.txt
255	379	394	I:\BL_TXTS\1810s\1810\01\1810.01.25_CaledonianMercury_0004.txt	I:\BL_TXTS\1810s\1810\01\1810.01.18_CaledonianMercury_0004.txt
243	412	420	I:\BL_TXTS\1810s\1810\01\1810.01.25_Trewman'sExeterFlyingPostorPlymouthandCornishAdvertiser_0003.txt	I:\BL_TXTS\1810s\1810\01\1810.01.11_Trewman'sExeterFlyingPostorPlymouthandCornishAdvertiser_0003.txt
295	453	454	I:\BL_TXTS\1810s\1810\01\1810.01.27_Cobbett'sWeeklyPoliticalRegister_0023.txt	I:\BL_TXTS\1810s\1810\01\1810.01.11_CaledonianMercury_0002.txt
423	640	646	I:\BL_TXTS\1810s\1810\01\1810.01.27_Cobbett'sWeeklyPoliticalRegister_0027.txt	I:\BL_TXTS\1810s\1810\01\1810.01.08_TheMorningChronicle_0002.txt
235	373	369	I:\BL_TXTS\1810s\1810\01\1810.01.27_Cobbett'sWeeklyPoliticalRegister_0027.txt	I:\BL_TXTS\1810s\1810\01\1810.01.11_CaledonianMercury_0002.txt
212	369	382	I:\BL_TXTS\1810s\1810\01\1810.01.27_Cobbett'sWeeklyPoliticalRegister_0028.txt	I:\BL_TXTS\1810s\1810\01\1810.01.08_TheMorningChronicle_0002.txt
264	395	393	I:\BL_TXTS\1810s\1810\01\1810.01.27_Cobbett'sWeeklyPoliticalRegister_0028.txt	I:\BL_TXTS\1810s\1810\01\1810.01.11_CaledonianMercury_0002.txt
226	381	371	I:\BL_TXTS\1810s\1810\01\1810.01.27_Cobbett'sWeeklyPoliticalRegister_0031.txt	I:\BL_TXTS\1810s\1810\01\1810.01.09_TheMorningChronicle_0004.txt
389	556	583	I:\BL_TXTS\1810s\1810\01\1810.01.27_Jackson'sOxfordJournal_0001.txt	I:\BL_TXTS\1810s\1810\01\1810.01.06_Jackson'sOxfordJournal_0001.txt
288	412	408	I:\BL_TXTS\1810s\1810\01\1810.01.27_Jackson'sOxfordJournal_0001.txt	I:\BL_TXTS\1810s\1810\01\1810.01.11_TheDerbyMercury_0001.txt
216	343	343	I:\BL_TXTS\1810s\1810\01\1810.01.27_Jackson'sOxfordJournal_0001.txt	I:\BL_TXTS\1810s\1810\01\1810.01.11_Trewman'sExeterFlyingPostorPlymouthandCornishAdvertiser_0003.txt
420	589	606	I:\BL_TXTS\1810s\1810\01\1810.01.27_Jackson'sOxfordJournal_0001.txt	I:\BL_TXTS\1810s\1810\01\1810.01.13_Jackson'sOxfordJournal_0001.txt
781	1190	1217	I:\BL_TXTS\1810s\1810\01\1810.01.27_Jackson'sOxfordJournal_0001.txt	I:\BL_TXTS\1810s\1810\01\1810.01.13_Jackson'sOxfordJournal_0002.txt
736	929	938	I:\BL_TXTS\1810s\1810\01\1810.01.27_Jackson'sOxfordJournal_0001.txt	I:\BL_TXTS\1810s\1810\01\1810.01.13_Jackson'sOxfordJournal_0004.txt
1373	1686	1677	I:\BL_TXTS\1810s\1810\01\1810.01.27_Jackson'sOxfordJournal_0001.txt	I:\BL_TXTS\1810s\1810\01\1810.01.20_Jackson'sOxfordJournal_0001.txt
276	406	401	I:\BL_TXTS\1810s\1810\01\1810.01.27_Jackson'sOxfordJournal_0002.txt	I:\BL_TXTS\1810s\1810\01\1810.01.06_Jackson'sOxfordJournal_0001.txt
262	436	433	I:\BL_TXTS\1810s\1810\01\1810.01.27_Jackson'sOxfordJournal_0002.txt	I:\BL_TXTS\1810s\1810\01\1810.01.13_Jackson'sOxfordJournal_0002.txt
457	676	673	I:\BL_TXTS\1810s\1810\01\1810.01.27_Jackson'sOxfordJournal_0002.txt	I:\BL_TXTS\1810s\1810\01\1810.01.13_Jackson'sOxfordJournal_0004.txt
461	603	617	I:\BL_TXTS\1810s\1810\01\1810.01.27_Jackson'sOxfordJournal_0002.txt	I:\BL_TXTS\1810s\1810\01\1810.01.20_Jackson'sOxfordJournal_0001.txt
379	616	608	I:\BL_TXTS\1810s\1810\01\1810.01.27_Jackson'sOxfordJournal_0002.txt	I:\BL_TXTS\1810s\1810\01\1810.01.27_CaledonianMercury_0002.txt
213	323	332	I:\BL_TXTS\1810s\1810\01\1810.01.27_Jackson'sOxfordJournal_0003.txt	I:\BL_TXTS\1810s\1810\01\1810.01.13_Jackson'sOxfordJournal_0002.txt
457	720	713	I:\BL_TXTS\1810s\1810\01\1810.01.27_Jackson'sOxfordJournal_0003.txt	I:\BL_TXTS\1810s\1810\01\1810.01.20_Jackson'sOxfordJournal_0003.txt
230	347	361	I:\BL_TXTS\1810s\1810\01\1810.01.27_Jackson'sOxfordJournal_0004.txt	I:\BL_TXTS\1810s\1810\01\1810.01.06_Jackson'sOxfordJournal_0002.txt
483	658	677	I:\BL_TXTS\1810s\1810\01\1810.01.27_Jackson'sOxfordJournal_0004.txt	I:\BL_TXTS\1810s\1810\01\1810.01.13_Jackson'sOxfordJournal_0004.txt
233	301	303	I:\BL_TXTS\1810s\1810\01\1810.01.27_Jackson'sOxfordJournal_0004.txt	I:\BL_TXTS\1810s\1810\01\1810.01.20_Jackson'sOxfordJournal_0001.txt
210	315	310	I:\BL_TXTS\1810s\1810\01\1810.01.27_Jackson'sOxfordJournal_0004.txt	I:\BL_TXTS\1810s\1810\01\1810.01.20_Jackson'sOxfordJournal_0004.txt
225	406	410	I:\BL_TXTS\1810s\1810\01\1810.01.27_TheIpswichJournal_0001.txt	I:\BL_TXTS\1810s\1810\01\1810.01.20_TheIpswichJournal_0003.txt
214	360	379	I:\BL_TXTS\1810s\1810\01\1810.01.27_TheIpswichJournal_0004.txt	I:\BL_TXTS\1810s\1810\01\1810.01.25_CaledonianMercury_0002.txt
217	347	341	I:\BL_TXTS\1810s\1810\01\1810.01.27_TheLeedsMercury_0001.txt	I:\BL_TXTS\1810s\1810\01\1810.01.20_Jackson'sOxfordJournal_0004.txt
256	452	442	I:\BL_TXTS\1810s\1810\01\1810.01.27_TheLeedsMercury_0001.txt	I:\BL_TXTS\1810s\1810\01\1810.01.20_TheLeedsMercury_0001.txt
283	472	457	I:\BL_TXTS\1810s\1810\01\1810.01.27_TheLeedsMercury_0004.txt	I:\BL_TXTS\1810s\1810\01\1810.01.25_CaledonianMercury_0002.txt
231	362	357	I:\BL_TXTS\1810s\1810\01\1810.01.30_TheHullPacketandOriginalWeeklyCommercial,LiteraryandGeneralAdvertiser_0001.txt	I:\BL_TXTS\1810s\1810\01\1810.01.16_TheHullPacketandOriginalWeeklyCommercial,LiteraryandGeneralAdvertiser_0001.txt
289	483	465	I:\BL_TXTS\1810s\1810\01\1810.01.30_TheHullPacketandOriginalWeeklyCommercial,LiteraryandGeneralAdvertiser_0001.txt	I:\BL_TXTS\1810s\1810\01\1810.01.23_TheHullPacketandOriginalWeeklyCommercial,LiteraryandGeneralAdvertiser_0001.txt
334	494	500	I:\BL_TXTS\1810s\1810\01\1810.01.30_TheHullPacketandOriginalWeeklyCommercial,LiteraryandGeneralAdvertiser_0001.txt	I:\BL_TXTS\1810s\1810\01\1810.01.27_Jackson'sOxfordJournal_0001.txt
303	506	511	I:\BL_TXTS\1810s\1810\01\1810.01.30_TheHullPacketandOriginalWeeklyCommercial,LiteraryandGeneralAdvertiser_0002.txt	I:\BL_TXTS\1810s\1810\01\1810.01.27_CaledonianMercury_0002.txt
530	825	881	I:\BL_TXTS\1810s\1810\01\1810.01.30_TheHullPacketandOriginalWeeklyCommercial,LiteraryandGeneralAdvertiser_0002.txt	I:\BL_TXTS\1810s\1810\01\1810.01.27_Jackson'sOxfordJournal_0002.txt
255	382	397	I:\BL_TXTS\1810s\1810\01\1810.01.30_TheHullPacketandOriginalWeeklyCommercial,LiteraryandGeneralAdvertiser_0003.txt	I:\BL_TXTS\1810s\1810\01\1810.01.27_Jackson'sOxfordJournal_0002.txt
231	352	366	I:\BL_TXTS\1810s\1810\01\1810.01.30_TheHullPacketandOriginalWeeklyCommercial,LiteraryandGeneralAdvertiser_0004.txt	I:\BL_TXTS\1810s\1810\01\1810.01.20_TheMorningChronicle_0004.txt
558	898	931	I:\BL_TXTS\1810s\1810\01\1810.01.30_TheHullPacketandOriginalWeeklyCommercial,LiteraryandGeneralAdvertiser_0004.txt	I:\BL_TXTS\1810s\1810\01\1810.01.22_TheMorningChronicle_0002.txt
852	1192	1237	I:\BL_TXTS\1810s\1810\01\1810.01.30_TheHullPacketandOriginalWeeklyCommercial,LiteraryandGeneralAdvertiser_0004.txt	I:\BL_TXTS\1810s\1810\01\1810.01.25_CaledonianMercury_0002.txt
891	1270	1298	I:\BL_TXTS\1810s\1810\01\1810.01.30_TheHullPacketandOriginalWeeklyCommercial,LiteraryandGeneralAdvertiser_0004.txt	I:\BL_TXTS\1810s\1810\01\1810.01.27_Jackson'sOxfordJournal_0004.txt
279	473	479	I:\BL_TXTS\1810s\1810\01\1810.01.30_TheHullPacketandOriginalWeeklyCommercial,LiteraryandGeneralAdvertiser_0004.txt	I:\BL_TXTS\1810s\1810\01\1810.01.27_TheIpswichJournal_0004.txt
324	454	460	I:\BL_TXTS\1810s\1810\01\1810.01.30_TheHullPacketandOriginalWeeklyCommercial,LiteraryandGeneralAdvertiser_0004.txt	I:\BL_TXTS\1810s\1810\01\1810.01.27_TheLeedsMercury_0004.txt
211	345	336	I:\BL_TXTS\1810s\1810\01\1810.01.30_TheMorningChronicle_0004.txt	I:\BL_TXTS\1810s\1810\01\1810.01.25_TheMorningChronicle_0004.txt
506	768	776	I:\BL_TXTS\1810s\1810\01\1810.01.31_TheAberdeenJournal_0001.txt	I:\BL_TXTS\1810s\1810\01\1810.01.03_TheAberdeenJournal_0001.txt
386	530	514	I:\BL_TXTS\1810s\1810\01\1810.01.31_TheAberdeenJournal_0001.txt	I:\BL_TXTS\1810s\1810\01\1810.01.10_TheAberdeenJournal_0002.txt
742	1090	1068	I:\BL_TXTS\1810s\1810\01\1810.01.31_TheAberdeenJournal_0001.txt	I:\BL_TXTS\1810s\1810\01\1810.01.17_TheAberdeenJournal_0001.txt
471	660	641	I:\BL_TXTS\1810s\1810\01\1810.01.31_TheAberdeenJournal_0001.txt	I:\BL_TXTS\1810s\1810\01\1810.01.17_TheAberdeenJournal_0002.txt
838	1187	1167	I:\BL_TXTS\1810s\1810\01\1810.01.31_TheAberdeenJournal_0001.txt	I:\BL_TXTS\1810s\1810\01\1810.01.24_TheAberdeenJournal_0001.txt
816	1151	1157	I:\BL_TXTS\1810s\1810\01\1810.01.31_TheAberdeenJournal_0001.txt	I:\BL_TXTS\1810s\1810\01\1810.01.24_TheAberdeenJournal_0004.txt
509	728	720	I:\BL_TXTS\1810s\1810\01\1810.01.31_TheAberdeenJournal_0002.txt	I:\BL_TXTS\1810s\1810\01\1810.01.03_TheAberdeenJournal_0002.txt
231	318	309	I:\BL_TXTS\1810s\1810\01\1810.01.31_TheAberdeenJournal_0002.txt	I:\BL_TXTS\1810s\1810\01\1810.01.17_TheAberdeenJournal_0001.txt
399	563	558	I:\BL_TXTS\1810s\1810\01\1810.01.31_TheAberdeenJournal_0002.txt	I:\BL_TXTS\1810s\1810\01\1810.01.17_TheAberdeenJournal_0002.txt
271	378	356	I:\BL_TXTS\1810s\1810\01\1810.01.31_TheAberdeenJournal_0002.txt	I:\BL_TXTS\1810s\1810\01\1810.01.17_TheAberdeenJournal_0003.txt
368	605	599	I:\BL_TXTS\1810s\1810\01\1810.01.31_TheAberdeenJournal_0002.txt	I:\BL_TXTS\1810s\1810\01\1810.01.22_TheMorningChronicle_0002.txt
275	386	384	I:\BL_TXTS\1810s\1810\01\1810.01.31_TheAberdeenJournal_0002.txt	I:\BL_TXTS\1810s\1810\01\1810.01.24_TheAberdeenJournal_0001.txt
836	1159	1186	I:\BL_TXTS\1810s\1810\01\1810.01.31_TheAberdeenJournal_0002.txt	I:\BL_TXTS\1810s\1810\01\1810.01.25_CaledonianMercury_0002.txt
279	475	463	I:\BL_TXTS\1810s\1810\01\1810.01.31_TheAberdeenJournal_0002.txt	I:\BL_TXTS\1810s\1810\01\1810.01.27_TheIpswichJournal_0004.txt
203	332	318	I:\BL_TXTS\1810s\1810\01\1810.01.31_TheAberdeenJournal_0002.txt	I:\BL_TXTS\1810s\1810\01\1810.01.27_TheLeedsMercury_0004.txt
732	1007	985	I:\BL_TXTS\1810s\1810\01\1810.01.31_TheAberdeenJournal_0002.txt	I:\BL_TXTS\1810s\1810\01\1810.01.30_TheHullPacketandOriginalWeeklyCommercial,LiteraryandGeneralAdvertiser_0004.txt
242	389	386	I:\BL_TXTS\1810s\1810\01\1810.01.31_TheAberdeenJournal_0003.txt	I:\BL_TXTS\1810s\1810\01\1810.01.27_CaledonianMercury_0002.txt
534	807	823	I:\BL_TXTS\1810s\1810\01\1810.01.31_TheAberdeenJournal_0003.txt	I:\BL_TXTS\1810s\1810\01\1810.01.27_Jackson'sOxfordJournal_0002.txt
201	337	324	I:\BL_TXTS\1810s\1810\01\1810.01.31_TheAberdeenJournal_0003.txt	I:\BL_TXTS\1810s\1810\01\1810.01.27_Jackson'sOxfordJournal_0004.txt
338	498	481	I:\BL_TXTS\1810s\1810\01\1810.01.31_TheAberdeenJournal_0003.txt	I:\BL_TXTS\1810s\1810\01\1810.01.30_TheHullPacketandOriginalWeeklyCommercial,LiteraryandGeneralAdvertiser_0002.txt
237	337	325	I:\BL_TXTS\1810s\1810\01\1810.01.31_TheAberdeenJournal_0004.txt	I:\BL_TXTS\1810s\1810\01\1810.01.10_TheAberdeenJournal_0004.txt
297	435	428	I:\BL_TXTS\1810s\1810\01\1810.01.31_TheAberdeenJournal_0004.txt	I:\BL_TXTS\1810s\1810\01\1810.01.24_TheAberdeenJournal_0001.txt
200	379	370	I:\BL_TXTS\1810s\1810\01\1810.01.31_TheMorningChronicle_0004.txt	I:\BL_TXTS\1810s\1810\01\1810.01.17_TheMorningChronicle_0004.txt
266	431	426	I:\BL_TXTS\1810s\1810\01\1810.01.31_TheMorningChronicle_0004.txt	I:\BL_TXTS\1810s\1810\01\1810.01.30_TheMorningChronicle_0004.txt
318	514	519	I:\BL_TXTS\1810s\1810\02\1810.02.01_TheDerbyMercury_0001.txt	I:\BL_TXTS\1810s\1810\01\1810.01.04_TheDerbyMercury_0002.txt
227	363	361	I:\BL_TXTS\1810s\1810\02\1810.02.01_TheDerbyMercury_0001.txt	I:\BL_TXTS\1810s\1810\01\1810.01.11_TheDerbyMercury_0004.txt
429	695	705	I:\BL_TXTS\1810s\1810\02\1810.02.01_TheDerbyMercury_0001.txt	I:\BL_TXTS\1810s\1810\01\1810.01.18_TheDerbyMercury_0003.txt
214	306	297	I:\BL_TXTS\1810s\1810\02\1810.02.01_TheDerbyMercury_0001.txt	I:\BL_TXTS\1810s\1810\01\1810.01.27_Jackson'sOxfordJournal_0001.txt
887	1312	1312	I:\BL_TXTS\1810s\1810\02\1810.02.01_TheDerbyMercury_0004.txt	I:\BL_TXTS\1810s\1810\01\1810.01.04_TheDerbyMercury_0004.txt
390	650	648	I:\BL_TXTS\1810s\1810\02\1810.02.01_TheDerbyMercury_0004.txt	I:\BL_TXTS\1810s\1810\01\1810.01.11_TheDerbyMercury_0004.txt
212	325	344	I:\BL_TXTS\1810s\1810\02\1810.02.01_TheDerbyMercury_0004.txt	I:\BL_TXTS\1810s\1810\01\1810.01.13_Jackson'sOxfordJournal_0004.txt
521	773	775	I:\BL_TXTS\1810s\1810\02\1810.02.01_TheDerbyMercury_0004.txt	I:\BL_TXTS\1810s\1810\01\1810.01.18_TheDerbyMercury_0004.txt
424	579	583	I:\BL_TXTS\1810s\1810\02\1810.02.01_TheDerbyMercury_0004.txt	I:\BL_TXTS\1810s\1810\01\1810.01.20_Jackson'sOxfordJournal_0004.txt
211	348	350	I:\BL_TXTS\1810s\1810\02\1810.02.02_TheMorningChronicle_0001.txt	I:\BL_TXTS\1810s\1810\01\1810.01.29_TheMorningChronicle_0001.txt
249	426	424	I:\BL_TXTS\1810s\1810\02\1810.02.03_CaledonianMercury_0004.txt	I:\BL_TXTS\1810s\1810\01\1810.01.20_CaledonianMercury_0004.txt
242	403	391	I:\BL_TXTS\1810s\1810\02\1810.02.03_Cobbett'sWeeklyPoliticalRegister_0004.txt	I:\BL_TXTS\1810s\1810\01\1810.01.27_TheMorningChronicle_0004.txt
539	809	792	I:\BL_TXTS\1810s\1810\02\1810.02.03_Jackson'sOxfordJournal_0001.txt	I:\BL_TXTS\1810s\1810\01\1810.01.20_Jackson'sOxfordJournal_0001.txt
222	339	329	I:\BL_TXTS\1810s\1810\02\1810.02.03_Jackson'sOxfordJournal_0001.txt	I:\BL_TXTS\1810s\1810\01\1810.01.27_Jackson'sOxfordJournal_0001.txt
472	758	782	I:\BL_TXTS\1810s\1810\02\1810.02.03_Jackson'sOxfordJournal_0001.txt	I:\BL_TXTS\1810s\1810\01\1810.01.27_Jackson'sOxfordJournal_0003.txt
353	540	539	I:\BL_TXTS\1810s\1810\02\1810.02.03_Jackson'sOxfordJournal_0002.txt	I:\BL_TXTS\1810s\1810\01\1810.01.31_TheMorningChronicle_0003.txt
224	405	406	I:\BL_TXTS\1810s\1810\02\1810.02.03_Jackson'sOxfordJournal_0003.txt	I:\BL_TXTS\1810s\1810\01\1810.01.27_Jackson'sOxfordJournal_0003.txt
341	577	578	I:\BL_TXTS\1810s\1810\02\1810.02.03_Jackson'sOxfordJournal_0004.txt	I:\BL_TXTS\1810s\1810\01\1810.01.20_Jackson'sOxfordJournal_0004.txt
629	1088	1065	I:\BL_TXTS\1810s\1810\02\1810.02.03_TheLeedsMercury_0001.txt	I:\BL_TXTS\1810s\1810\01\1810.01.27_TheLeedsMercury_0001.txt
360	640	638	I:\BL_TXTS\1810s\1810\02\1810.02.03_TheLeedsMercury_0004.txt	I:\BL_TXTS\1810s\1810\01\1810.01.27_TheMorningChronicle_0003.txt
301	535	520	I:\BL_TXTS\1810s\1810\02\1810.02.05_CaledonianMercury_0004.txt	I:\BL_TXTS\1810s\1810\01\1810.01.01_CaledonianMercury_0004.txt
266	441	431	I:\BL_TXTS\1810s\1810\02\1810.02.05_CaledonianMercury_0004.txt	I:\BL_TXTS\1810s\1810\01\1810.01.22_CaledonianMercury_0004.txt
227	365	370	I:\BL_TXTS\1810s\1810\02\1810.02.05_CaledonianMercury_0004.txt	I:\BL_TXTS\1810s\1810\01\1810.01.29_CaledonianMercury_0004.txt
274	394	412	I:\BL_TXTS\1810s\1810\02\1810.02.06_TheHullPacketandOriginalWeeklyCommercial,LiteraryandGeneralAdvertiser_0001.txt	I:\BL_TXTS\1810s\1810\01\1810.01.30_TheHullPacketandOriginalWeeklyCommercial,LiteraryandGeneralAdvertiser_0001.txt
744	1029	1025	I:\BL_TXTS\1810s\1810\02\1810.02.06_TheHullPacketandOriginalWeeklyCommercial,LiteraryandGeneralAdvertiser_0002.txt	I:\BL_TXTS\1810s\1810\01\1810.01.30_TheHullPacketandOriginalWeeklyCommercial,LiteraryandGeneralAdvertiser_0002.txt
217	306	324	I:\BL_TXTS\1810s\1810\02\1810.02.06_TheHullPacketandOriginalWeeklyCommercial,LiteraryandGeneralAdvertiser_0004.txt	I:\BL_TXTS\1810s\1810\01\1810.01.25_TheMorningChronicle_0002.txt
218	327	329	I:\BL_TXTS\1810s\1810\02\1810.02.06_TheHullPacketandOriginalWeeklyCommercial,LiteraryandGeneralAdvertiser_0004.txt	I:\BL_TXTS\1810s\1810\01\1810.01.31_TheMorningChronicle_0003.txt
312	422	397	I:\BL_TXTS\1810s\1810\02\1810.02.07_TheAberdeenJournal_0001.txt	I:\BL_TXTS\1810s\1810\01\1810.01.10_TheAberdeenJournal_0002.txt
256	350	337	I:\BL_TXTS\1810s\1810\02\1810.02.07_TheAberdeenJournal_0001.txt	I:\BL_TXTS\1810s\1810\01\1810.01.10_TheAberdeenJournal_0004.txt
245	368	367	I:\BL_TXTS\1810s\1810\02\1810.02.07_TheAberdeenJournal_0001.txt	I:\BL_TXTS\1810s\1810\01\1810.01.17_TheAberdeenJournal_0001.txt
309	455	461	I:\BL_TXTS\1810s\1810\02\1810.02.07_TheAberdeenJournal_0001.txt	I:\BL_TXTS\1810s\1810\01\1810.01.17_TheAberdeenJournal_0002.txt
755	1064	1059	I:\BL_TXTS\1810s\1810\02\1810.02.07_TheAberdeenJournal_0001.txt	I:\BL_TXTS\1810s\1810\01\1810.01.24_TheAberdeenJournal_0001.txt
396	567	566	I:\BL_TXTS\1810s\1810\02\1810.02.07_TheAberdeenJournal_0001.txt	I:\BL_TXTS\1810s\1810\01\1810.01.24_TheAberdeenJournal_0004.txt
927	1315	1324	I:\BL_TXTS\1810s\1810\02\1810.02.07_TheAberdeenJournal_0001.txt	I:\BL_TXTS\1810s\1810\01\1810.01.31_TheAberdeenJournal_0001.txt
464	645	647	I:\BL_TXTS\1810s\1810\02\1810.02.07_TheAberdeenJournal_0001.txt	I:\BL_TXTS\1810s\1810\01\1810.01.31_TheAberdeenJournal_0004.txt
351	589	592	I:\BL_TXTS\1810s\1810\02\1810.02.07_TheAberdeenJournal_0002.txt	I:\BL_TXTS\1810s\1810\01\1810.01.06_Jackson'sOxfordJournal_0004.txt
251	446	428	I:\BL_TXTS\1810s\1810\02\1810.02.07_TheAberdeenJournal_0002.txt	I:\BL_TXTS\1810s\1810\01\1810.01.11_TheDerbyMercury_0004.txt
577	810	803	I:\BL_TXTS\1810s\1810\02\1810.02.07_TheAberdeenJournal_0002.txt	I:\BL_TXTS\1810s\1810\01\1810.01.17_TheAberdeenJournal_0003.txt
504	816	794	I:\BL_TXTS\1810s\1810\02\1810.02.07_TheAberdeenJournal_0002.txt	I:\BL_TXTS\1810s\1810\01\1810.01.20_Jackson'sOxfordJournal_0004.txt
267	466	443	I:\BL_TXTS\1810s\1810\02\1810.02.07_TheAberdeenJournal_0002.txt	I:\BL_TXTS\1810s\1810\01\1810.01.24_TheAberdeenJournal_0002.txt
246	386	371	I:\BL_TXTS\1810s\1810\02\1810.02.07_TheAberdeenJournal_0003.txt	I:\BL_TXTS\1810s\1810\01\1810.01.29_HampshireTelegraphandSussexChronicleetc_0003.txt
235	345	341	I:\BL_TXTS\1810s\1810\02\1810.02.07_TheAberdeenJournal_0004.txt	I:\BL_TXTS\1810s\1810\01\1810.01.17_TheAberdeenJournal_0004.txt
246	335	326	I:\BL_TXTS\1810s\1810\02\1810.02.07_TheAberdeenJournal_0004.txt	I:\BL_TXTS\1810s\1810\01\1810.01.24_TheAberdeenJournal_0001.txt
271	389	400	I:\BL_TXTS\1810s\1810\02\1810.02.07_TheAberdeenJournal_0004.txt	I:\BL_TXTS\1810s\1810\01\1810.01.31_TheAberdeenJournal_0004.txt
234	337	342	I:\BL_TXTS\1810s\1810\02\1810.02.08_TheDerbyMercury_0001.txt	I:\BL_TXTS\1810s\1810\01\1810.01.11_TheDerbyMercury_0001.txt
265	380	379	I:\BL_TXTS\1810s\1810\02\1810.02.08_TheDerbyMercury_0001.txt	I:\BL_TXTS\1810s\1810\01\1810.01.27_Jackson'sOxfordJournal_0001.txt
513	818	807	I:\BL_TXTS\1810s\1810\02\1810.02.08_TheDerbyMercury_0004.txt	I:\BL_TXTS\1810s\1810\01\1810.01.04_TheDerbyMercury_0004.txt
489	807	803	I:\BL_TXTS\1810s\1810\02\1810.02.08_TheDerbyMercury_0004.txt	I:\BL_TXTS\1810s\1810\01\1810.01.11_TheDerbyMercury_0004.txt
350	517	530	I:\BL_TXTS\1810s\1810\02\1810.02.08_TheDerbyMercury_0004.txt	I:\BL_TXTS\1810s\1810\01\1810.01.20_Jackson'sOxfordJournal_0004.txt
440	696	692	I:\BL_TXTS\1810s\1810\02\1810.02.08_Trewman'sExeterFlyingPostorPlymouthandCornishAdvertiser_0002.txt	I:\BL_TXTS\1810s\1810\01\1810.01.11_Trewman'sExeterFlyingPostorPlymouthandCornishAdvertiser_0003.txt
266	468	475	I:\BL_TXTS\1810s\1810\02\1810.02.08_Trewman'sExeterFlyingPostorPlymouthandCornishAdvertiser_0003.txt	I:\BL_TXTS\1810s\1810\01\1810.01.04_Trewman'sExeterFlyingPostorPlymouthandCornishAdvertiser_0003.txt
325	543	544	I:\BL_TXTS\1810s\1810\02\1810.02.08_Trewman'sExeterFlyingPostorPlymouthandCornishAdvertiser_0003.txt	I:\BL_TXTS\1810s\1810\01\1810.01.11_Trewman'sExeterFlyingPostorPlymouthandCornishAdvertiser_0002.txt
265	461	454	I:\BL_TXTS\1810s\1810\02\1810.02.08_Trewman'sExeterFlyingPostorPlymouthandCornishAdvertiser_0003.txt	I:\BL_TXTS\1810s\1810\01\1810.01.25_Trewman'sExeterFlyingPostorPlymouthandCornishAdvertiser_0001.txt
444	564	570	I:\BL_TXTS\1810s\1810\02\1810.02.10_Cobbett'sWeeklyPoliticalRegister_0013.txt	I:\BL_TXTS\1810s\1810\01\1810.01.31_TheMorningChronicle_0003.txt
292	413	409	I:\BL_TXTS\1810s\1810\02\1810.02.10_Cobbett'sWeeklyPoliticalRegister_0014.txt	I:\BL_TXTS\1810s\1810\01\1810.01.09_TheMorningChronicle_0004.txt
446	664	674	I:\BL_TXTS\1810s\1810\02\1810.02.10_Cobbett'sWeeklyPoliticalRegister_0015.txt	I:\BL_TXTS\1810s\1810\01\1810.01.09_TheMorningChronicle_0004.txt
411	555	580	I:\BL_TXTS\1810s\1810\02\1810.02.10_Cobbett'sWeeklyPoliticalRegister_0016.txt	I:\BL_TXTS\1810s\1810\01\1810.01.25_TheMorningChronicle_0002.txt
479	715	753	I:\BL_TXTS\1810s\1810\02\1810.02.10_Jackson'sOxfordJournal_0001.txt	I:\BL_TXTS\1810s\1810\01\1810.01.06_Jackson'sOxfordJournal_0001.txt
218	326	333	I:\BL_TXTS\1810s\1810\02\1810.02.10_Jackson'sOxfordJournal_0001.txt	I:\BL_TXTS\1810s\1810\01\1810.01.06_Jackson'sOxfordJournal_0002.txt
394	588	592	I:\BL_TXTS\1810s\1810\02\1810.02.10_Jackson'sOxfordJournal_0001.txt	I:\BL_TXTS\1810s\1810\01\1810.01.11_TheDerbyMercury_0001.txt
205	307	312	I:\BL_TXTS\1810s\1810\02\1810.02.10_Jackson'sOxfordJournal_0001.txt	I:\BL_TXTS\1810s\1810\01\1810.01.18_TheDerbyMercury_0001.txt
200	276	282	I:\BL_TXTS\1810s\1810\02\1810.02.10_Jackson'sOxfordJournal_0001.txt	I:\BL_TXTS\1810s\1810\01\1810.01.18_TheDerbyMercury_0004.txt
440	552	563	I:\BL_TXTS\1810s\1810\02\1810.02.10_Jackson'sOxfordJournal_0001.txt	I:\BL_TXTS\1810s\1810\01\1810.01.20_Jackson'sOxfordJournal_0001.txt
238	363	365	I:\BL_TXTS\1810s\1810\02\1810.02.10_Jackson'sOxfordJournal_0001.txt	I:\BL_TXTS\1810s\1810\01\1810.01.22_CaledonianMercury_0001.txt
539	661	672	I:\BL_TXTS\1810s\1810\02\1810.02.10_Jackson'sOxfordJournal_0001.txt	I:\BL_TXTS\1810s\1810\01\1810.01.27_Jackson'sOxfordJournal_0001.txt
451	611	626	I:\BL_TXTS\1810s\1810\02\1810.02.10_Jackson'sOxfordJournal_0001.txt	I:\BL_TXTS\1810s\1810\01\1810.01.27_Jackson'sOxfordJournal_0003.txt
510	686	701	I:\BL_TXTS\1810s\1810\02\1810.02.10_Jackson'sOxfordJournal_0001.txt	I:\BL_TXTS\1810s\1810\01\1810.01.27_Jackson'sOxfordJournal_0004.txt
384	520	506	I:\BL_TXTS\1810s\1810\02\1810.02.10_Jackson'sOxfordJournal_0002.txt	I:\BL_TXTS\1810s\1810\01\1810.01.20_Jackson'sOxfordJournal_0001.txt
212	299	291	I:\BL_TXTS\1810s\1810\02\1810.02.10_Jackson'sOxfordJournal_0002.txt	I:\BL_TXTS\1810s\1810\01\1810.01.27_Jackson'sOxfordJournal_0004.txt
312	468	468	I:\BL_TXTS\1810s\1810\02\1810.02.10_Jackson'sOxfordJournal_0003.txt	I:\BL_TXTS\1810s\1810\01\1810.01.27_Jackson'sOxfordJournal_0003.txt
1018	1289	1329	I:\BL_TXTS\1810s\1810\02\1810.02.10_Jackson'sOxfordJournal_0004.txt	I:\BL_TXTS\1810s\1810\01\1810.01.13_Jackson'sOxfordJournal_0004.txt
675	872	872	I:\BL_TXTS\1810s\1810\02\1810.02.10_Jackson'sOxfordJournal_0004.txt	I:\BL_TXTS\1810s\1810\01\1810.01.27_Jackson'sOxfordJournal_0001.txt
432	558	569	I:\BL_TXTS\1810s\1810\02\1810.02.10_Jackson'sOxfordJournal_0004.txt	I:\BL_TXTS\1810s\1810\01\1810.01.27_Jackson'sOxfordJournal_0004.txt
216	335	324	I:\BL_TXTS\1810s\1810\02\1810.02.10_TheIpswichJournal_0001.txt	I:\BL_TXTS\1810s\1810\01\1810.01.27_Jackson'sOxfordJournal_0001.txt
226	332	325	I:\BL_TXTS\1810s\1810\02\1810.02.10_TheIpswichJournal_0001.txt	I:\BL_TXTS\1810s\1810\01\1810.01.30_TheHullPacketandOriginalWeeklyCommercial,LiteraryandGeneralAdvertiser_0001.txt
288	406	428	I:\BL_TXTS\1810s\1810\02\1810.02.13_TheHullPacketandOriginalWeeklyCommercial,LiteraryandGeneralAdvertiser_0001.txt	I:\BL_TXTS\1810s\1810\01\1810.01.10_TheAberdeenJournal_0001.txt
268	409	413	I:\BL_TXTS\1810s\1810\02\1810.02.13_TheHullPacketandOriginalWeeklyCommercial,LiteraryandGeneralAdvertiser_0001.txt	I:\BL_TXTS\1810s\1810\01\1810.01.30_TheHullPacketandOriginalWeeklyCommercial,LiteraryandGeneralAdvertiser_0001.txt
537	783	780	I:\BL_TXTS\1810s\1810\02\1810.02.13_TheHullPacketandOriginalWeeklyCommercial,LiteraryandGeneralAdvertiser_0002.txt	I:\BL_TXTS\1810s\1810\01\1810.01.30_TheHullPacketandOriginalWeeklyCommercial,LiteraryandGeneralAdvertiser_0002.txt
203	303	312	I:\BL_TXTS\1810s\1810\02\1810.02.13_TheHullPacketandOriginalWeeklyCommercial,LiteraryandGeneralAdvertiser_0004.txt	I:\BL_TXTS\1810s\1810\01\1810.01.30_TheHullPacketandOriginalWeeklyCommercial,LiteraryandGeneralAdvertiser_0004.txt
267	393	377	I:\BL_TXTS\1810s\1810\02\1810.02.14_TheAberdeenJournal_0001.txt	I:\BL_TXTS\1810s\1810\01\1810.01.10_TheAberdeenJournal_0001.txt
283	434	422	I:\BL_TXTS\1810s\1810\02\1810.02.14_TheAberdeenJournal_0001.txt	I:\BL_TXTS\1810s\1810\01\1810.01.17_TheAberdeenJournal_0004.txt
401	628	609	I:\BL_TXTS\1810s\1810\02\1810.02.14_TheAberdeenJournal_0001.txt	I:\BL_TXTS\1810s\1810\01\1810.01.24_TheAberdeenJournal_0001.txt
442	626	639	I:\BL_TXTS\1810s\1810\02\1810.02.14_TheAberdeenJournal_0001.txt	I:\BL_TXTS\1810s\1810\01\1810.01.31_TheAberdeenJournal_0001.txt
489	688	687	I:\BL_TXTS\1810s\1810\02\1810.02.14_TheAberdeenJournal_0001.txt	I:\BL_TXTS\1810s\1810\01\1810.01.31_TheAberdeenJournal_0004.txt
290	380	370	I:\BL_TXTS\1810s\1810\02\1810.02.14_TheAberdeenJournal_0002.txt	I:\BL_TXTS\1810s\1810\01\1810.01.10_TheAberdeenJournal_0002.txt
305	469	461	I:\BL_TXTS\1810s\1810\02\1810.02.14_TheAberdeenJournal_0002.txt	I:\BL_TXTS\1810s\1810\01\1810.01.10_TheAberdeenJournal_0004.txt
269	390	376	I:\BL_TXTS\1810s\1810\02\1810.02.14_TheAberdeenJournal_0002.txt	I:\BL_TXTS\1810s\1810\01\1810.01.15_CaledonianMercury_0003.txt
297	415	405	I:\BL_TXTS\1810s\1810\02\1810.02.14_TheAberdeenJournal_0002.txt	I:\BL_TXTS\1810s\1810\01\1810.01.17_TheAberdeenJournal_0002.txt
451	670	655	I:\BL_TXTS\1810s\1810\02\1810.02.14_TheAberdeenJournal_0002.txt	I:\BL_TXTS\1810s\1810\01\1810.01.24_TheAberdeenJournal_0001.txt
307	413	406	I:\BL_TXTS\1810s\1810\02\1810.02.14_TheAberdeenJournal_0002.txt	I:\BL_TXTS\1810s\1810\01\1810.01.24_TheAberdeenJournal_0002.txt
354	533	538	I:\BL_TXTS\1810s\1810\02\1810.02.14_TheAberdeenJournal_0002.txt	I:\BL_TXTS\1810s\1810\01\1810.01.31_TheAberdeenJournal_0001.txt
235	337	343	I:\BL_TXTS\1810s\1810\02\1810.02.14_TheAberdeenJournal_0004.txt	I:\BL_TXTS\1810s\1810\01\1810.01.31_TheAberdeenJournal_0004.txt
448	675	677	I:\BL_TXTS\1810s\1810\02\1810.02.15_TheDerbyMercury_0001.txt	I:\BL_TXTS\1810s\1810\01\1810.01.18_TheDerbyMercury_0001.txt
215	312	311	I:\BL_TXTS\1810s\1810\02\1810.02.15_TheDerbyMercury_0001.txt	I:\BL_TXTS\1810s\1810\01\1810.01.18_TheDerbyMercury_0004.txt
369	513	519	I:\BL_TXTS\1810s\1810\02\1810.02.15_TheDerbyMercury_0001.txt	I:\BL_TXTS\1810s\1810\01\1810.01.20_Jackson'sOxfordJournal_0004.txt
577	906	905	I:\BL_TXTS\1810s\1810\02\1810.02.15_TheDerbyMercury_0004.txt	I:\BL_TXTS\1810s\1810\01\1810.01.04_TheDerbyMercury_0004.txt
402	658	649	I:\BL_TXTS\1810s\1810\02\1810.02.15_TheDerbyMercury_0004.txt	I:\BL_TXTS\1810s\1810\01\1810.01.11_TheDerbyMercury_0004.txt
217	320	325	I:\BL_TXTS\1810s\1810\02\1810.02.15_TheDerbyMercury_0004.txt	I:\BL_TXTS\1810s\1810\01\1810.01.18_TheDerbyMercury_0001.txt
228	367	369	I:\BL_TXTS\1810s\1810\02\1810.02.15_TheDerbyMercury_0004.txt	I:\BL_TXTS\1810s\1810\01\1810.01.18_TheDerbyMercury_0004.txt
440	667	683	I:\BL_TXTS\1810s\1810\02\1810.02.15_Trewman'sExeterFlyingPostorPlymouthandCornishAdvertiser_0002.txt	I:\BL_TXTS\1810s\1810\01\1810.01.04_Trewman'sExeterFlyingPostorPlymouthandCornishAdvertiser_0003.txt
291	457	456	I:\BL_TXTS\1810s\1810\02\1810.02.15_Trewman'sExeterFlyingPostorPlymouthandCornishAdvertiser_0002.txt	I:\BL_TXTS\1810s\1810\01\1810.01.11_Trewman'sExeterFlyingPostorPlymouthandCornishAdvertiser_0002.txt
233	365	360	I:\BL_TXTS\1810s\1810\02\1810.02.15_Trewman'sExeterFlyingPostorPlymouthandCornishAdvertiser_0002.txt	I:\BL_TXTS\1810s\1810\01\1810.01.25_Trewman'sExeterFlyingPostorPlymouthandCornishAdvertiser_0002.txt
355	583	598	I:\BL_TXTS\1810s\1810\02\1810.02.15_Trewman'sExeterFlyingPostorPlymouthandCornishAdvertiser_0003.txt	I:\BL_TXTS\1810s\1810\01\1810.01.06_Jackson'sOxfordJournal_0004.txt
293	490	479	I:\BL_TXTS\1810s\1810\02\1810.02.15_Trewman'sExeterFlyingPostorPlymouthandCornishAdvertiser_0003.txt	I:\BL_TXTS\1810s\1810\01\1810.01.11_TheDerbyMercury_0004.txt
531	806	801	I:\BL_TXTS\1810s\1810\02\1810.02.15_Trewman'sExeterFlyingPostorPlymouthandCornishAdvertiser_0003.txt	I:\BL_TXTS\1810s\1810\01\1810.01.20_Jackson'sOxfordJournal_0004.txt
231	432	422	I:\BL_TXTS\1810s\1810\02\1810.02.15_Trewman'sExeterFlyingPostorPlymouthandCornishAdvertiser_0003.txt	I:\BL_TXTS\1810s\1810\01\1810.01.24_TheAberdeenJournal_0002.txt
343	547	569	I:\BL_TXTS\1810s\1810\02\1810.02.17_Jackson'sOxfordJournal_0003.txt	I:\BL_TXTS\1810s\1810\01\1810.01.27_Jackson'sOxfordJournal_0003.txt
306	466	485	I:\BL_TXTS\1810s\1810\02\1810.02.17_Jackson'sOxfordJournal_0004.txt	I:\BL_TXTS\1810s\1810\01\1810.01.06_Jackson'sOxfordJournal_0004.txt
699	884	871	I:\BL_TXTS\1810s\1810\02\1810.02.17_Jackson'sOxfordJournal_0004.txt	I:\BL_TXTS\1810s\1810\01\1810.01.20_Jackson'sOxfordJournal_0004.txt
273	459	451	I:\BL_TXTS\1810s\1810\02\1810.02.17_TheLeedsMercury_0001.txt	I:\BL_TXTS\1810s\1810\01\1810.01.27_TheLeedsMercury_0001.txt
238	407	391	I:\BL_TXTS\1810s\1810\02\1810.02.17_TheLeedsMercury_0004.txt	I:\BL_TXTS\1810s\1810\01\1810.01.18_TheDerbyMercury_0004.txt
214	354	350	I:\BL_TXTS\1810s\1810\02\1810.02.19_CaledonianMercury_0004.txt	I:\BL_TXTS\1810s\1810\01\1810.01.25_CaledonianMercury_0004.txt
223	326	333	I:\BL_TXTS\1810s\1810\02\1810.02.20_TheHullPacketandOriginalWeeklyCommercial,LiteraryandGeneralAdvertiser_0001.txt	I:\BL_TXTS\1810s\1810\01\1810.01.30_TheHullPacketandOriginalWeeklyCommercial,LiteraryandGeneralAdvertiser_0002.txt
240	404	410	I:\BL_TXTS\1810s\1810\02\1810.02.21_TheAberdeenJournal_0001.txt	I:\BL_TXTS\1810s\1810\01\1810.01.10_TheAberdeenJournal_0002.txt
392	566	600	I:\BL_TXTS\1810s\1810\02\1810.02.21_TheAberdeenJournal_0001.txt	I:\BL_TXTS\1810s\1810\01\1810.01.17_TheAberdeenJournal_0002.txt
458	731	759	I:\BL_TXTS\1810s\1810\02\1810.02.21_TheAberdeenJournal_0001.txt	I:\BL_TXTS\1810s\1810\01\1810.01.24_TheAberdeenJournal_0001.txt
242	390	398	I:\BL_TXTS\1810s\1810\02\1810.02.21_TheAberdeenJournal_0001.txt	I:\BL_TXTS\1810s\1810\01\1810.01.31_TheAberdeenJournal_0001.txt
354	421	429	I:\BL_TXTS\1810s\1810\02\1810.02.21_TheAberdeenJournal_0002.txt	I:\BL_TXTS\1810s\1810\01\1810.01.17_TheAberdeenJournal_0001.txt
501	740	728	I:\BL_TXTS\1810s\1810\02\1810.02.21_TheAberdeenJournal_0002.txt	I:\BL_TXTS\1810s\1810\01\1810.01.17_TheAberdeenJournal_0003.txt
228	312	313	I:\BL_TXTS\1810s\1810\02\1810.02.21_TheAberdeenJournal_0002.txt	I:\BL_TXTS\1810s\1810\01\1810.01.31_TheAberdeenJournal_0002.txt
525	857	857	I:\BL_TXTS\1810s\1810\02\1810.02.22_TheDerbyMercury_0004.txt	I:\BL_TXTS\1810s\1810\01\1810.01.04_TheDerbyMercury_0004.txt
260	440	420	I:\BL_TXTS\1810s\1810\02\1810.02.22_TheDerbyMercury_0004.txt	I:\BL_TXTS\1810s\1810\01\1810.01.11_TheDerbyMercury_0004.txt
642	946	944	I:\BL_TXTS\1810s\1810\02\1810.02.22_TheDerbyMercury_0004.txt	I:\BL_TXTS\1810s\1810\01\1810.01.18_TheDerbyMercury_0004.txt
246	382	381	I:\BL_TXTS\1810s\1810\02\1810.02.24_Cobbett'sWeeklyPoliticalRegister_0020.txt	I:\BL_TXTS\1810s\1810\01\1810.01.27_Cobbett'sWeeklyPoliticalRegister_0008.txt
466	641	625	I:\BL_TXTS\1810s\1810\02\1810.02.24_Jackson'sOxfordJournal_0004.txt	I:\BL_TXTS\1810s\1810\01\1810.01.27_Jackson'sOxfordJournal_0001.txt
210	343	332	I:\BL_TXTS\1810s\1810\02\1810.02.24_TheLeedsMercury_0001.txt	I:\BL_TXTS\1810s\1810\01\1810.01.27_TheLeedsMercury_0001.txt
220	334	349	I:\BL_TXTS\1810s\1810\02\1810.02.27_TheHullPacketandOriginalWeeklyCommercial,LiteraryandGeneralAdvertiser_0001.txt	I:\BL_TXTS\1810s\1810\01\1810.01.10_TheAberdeenJournal_0001.txt
278	378	369	I:\BL_TXTS\1810s\1810\02\1810.02.28_TheAberdeenJournal_0001.txt	I:\BL_TXTS\1810s\1810\01\1810.01.17_TheAberdeenJournal_0001.txt
313	454	449	I:\BL_TXTS\1810s\1810\02\1810.02.28_TheAberdeenJournal_0001.txt	I:\BL_TXTS\1810s\1810\01\1810.01.31_TheAberdeenJournal_0001.txt
366	464	467	I:\BL_TXTS\1810s\1810\02\1810.02.28_TheAberdeenJournal_0002.txt	I:\BL_TXTS\1810s\1810\01\1810.01.10_TheAberdeenJournal_0002.txt
622	778	799	I:\BL_TXTS\1810s\1810\02\1810.02.28_TheAberdeenJournal_0002.txt	I:\BL_TXTS\1810s\1810\01\1810.01.17_TheAberdeenJournal_0002.txt
520	676	668	I:\BL_TXTS\1810s\1810\02\1810.02.28_TheAberdeenJournal_0002.txt	I:\BL_TXTS\1810s\1810\01\1810.01.24_TheAberdeenJournal_0001.txt
608	841	874	I:\BL_TXTS\1810s\1810\02\1810.02.28_TheAberdeenJournal_0002.txt	I:\BL_TXTS\1810s\1810\01\1810.01.31_TheAberdeenJournal_0001.txt
352	566	568	I:\BL_TXTS\1810s\1810\03\1810.03.01_TheDerbyMercury_0001.txt	I:\BL_TXTS\1810s\1810\01\1810.01.11_TheDerbyMercury_0004.txt
586	897	898	I:\BL_TXTS\1810s\1810\03\1810.03.01_TheDerbyMercury_0004.txt	I:\BL_TXTS\1810s\1810\01\1810.01.04_TheDerbyMercury_0004.txt
433	690	676	I:\BL_TXTS\1810s\1810\03\1810.03.01_TheDerbyMercury_0004.txt	I:\BL_TXTS\1810s\1810\01\1810.01.11_TheDerbyMercury_0004.txt
208	293	302	I:\BL_TXTS\1810s\1810\03\1810.03.01_TheDerbyMercury_0004.txt	I:\BL_TXTS\1810s\1810\01\1810.01.13_Jackson'sOxfordJournal_0004.txt
245	406	414	I:\BL_TXTS\1810s\1810\03\1810.03.01_TheDerbyMercury_0004.txt	I:\BL_TXTS\1810s\1810\01\1810.01.18_TheDerbyMercury_0001.txt
329	405	407	I:\BL_TXTS\1810s\1810\03\1810.03.03_Jackson'sOxfordJournal_0001.txt	I:\BL_TXTS\1810s\1810\01\1810.01.13_Jackson'sOxfordJournal_0004.txt
351	465	464	I:\BL_TXTS\1810s\1810\03\1810.03.03_Jackson'sOxfordJournal_0001.txt	I:\BL_TXTS\1810s\1810\01\1810.01.27_Jackson'sOxfordJournal_0001.txt
379	529	542	I:\BL_TXTS\1810s\1810\03\1810.03.03_Jackson'sOxfordJournal_0004.txt	I:\BL_TXTS\1810s\1810\01\1810.01.06_Jackson'sOxfordJournal_0004.txt
202	267	268	I:\BL_TXTS\1810s\1810\03\1810.03.03_Jackson'sOxfordJournal_0004.txt	I:\BL_TXTS\1810s\1810\01\1810.01.20_Jackson'sOxfordJournal_0004.txt
298	420	401	I:\BL_TXTS\1810s\1810\03\1810.03.07_TheAberdeenJournal_0002.txt	I:\BL_TXTS\1810s\1810\01\1810.01.10_TheAberdeenJournal_0002.txt
382	556	560	I:\BL_TXTS\1810s\1810\03\1810.03.07_TheAberdeenJournal_0002.txt	I:\BL_TXTS\1810s\1810\01\1810.01.24_TheAberdeenJournal_0001.txt
493	792	776	I:\BL_TXTS\1810s\1810\03\1810.03.07_TheAberdeenJournal_0003.txt	I:\BL_TXTS\1810s\1810\01\1810.01.17_TheAberdeenJournal_0003.txt
263	391	392	I:\BL_TXTS\1810s\1810\03\1810.03.08_TheDerbyMercury_0001.txt	I:\BL_TXTS\1810s\1810\01\1810.01.04_TheDerbyMercury_0002.txt
218	357	352	I:\BL_TXTS\1810s\1810\03\1810.03.08_TheDerbyMercury_0001.txt	I:\BL_TXTS\1810s\1810\01\1810.01.11_TheDerbyMercury_0004.txt
518	800	796	I:\BL_TXTS\1810s\1810\03\1810.03.08_TheDerbyMercury_0004.txt	I:\BL_TXTS\1810s\1810\01\1810.01.04_TheDerbyMercury_0004.txt
345	590	581	I:\BL_TXTS\1810s\1810\03\1810.03.08_TheDerbyMercury_0004.txt	I:\BL_TXTS\1810s\1810\01\1810.01.11_TheDerbyMercury_0004.txt
202	302	303	I:\BL_TXTS\1810s\1810\03\1810.03.08_TheDerbyMercury_0004.txt	I:\BL_TXTS\1810s\1810\01\1810.01.11_Trewman'sExeterFlyingPostorPlymouthandCornishAdvertiser_0003.txt
790	1170	1167	I:\BL_TXTS\1810s\1810\03\1810.03.08_TheDerbyMercury_0004.txt	I:\BL_TXTS\1810s\1810\01\1810.01.18_TheDerbyMercury_0004.txt
217	331	335	I:\BL_TXTS\1810s\1810\03\1810.03.08_Trewman'sExeterFlyingPostorPlymouthandCornishAdvertiser_0002.txt	I:\BL_TXTS\1810s\1810\01\1810.01.20_Jackson'sOxfordJournal_0004.txt
289	471	474	I:\BL_TXTS\1810s\1810\03\1810.03.08_Trewman'sExeterFlyingPostorPlymouthandCornishAdvertiser_0002.txt	I:\BL_TXTS\1810s\1810\01\1810.01.25_Trewman'sExeterFlyingPostorPlymouthandCornishAdvertiser_0001.txt
446	733	748	I:\BL_TXTS\1810s\1810\03\1810.03.08_Trewman'sExeterFlyingPostorPlymouthandCornishAdvertiser_0003.txt	I:\BL_TXTS\1810s\1810\01\1810.01.04_Trewman'sExeterFlyingPostorPlymouthandCornishAdvertiser_0003.txt
560	921	902	I:\BL_TXTS\1810s\1810\03\1810.03.08_Trewman'sExeterFlyingPostorPlymouthandCornishAdvertiser_0003.txt	I:\BL_TXTS\1810s\1810\01\1810.01.11_Trewman'sExeterFlyingPostorPlymouthandCornishAdvertiser_0002.txt
258	431	422	I:\BL_TXTS\1810s\1810\03\1810.03.08_Trewman'sExeterFlyingPostorPlymouthandCornishAdvertiser_0003.txt	I:\BL_TXTS\1810s\1810\01\1810.01.25_Trewman'sExeterFlyingPostorPlymouthandCornishAdvertiser_0002.txt
355	565	579	I:\BL_TXTS\1810s\1810\03\1810.03.10_Jackson'sOxfordJournal_0004.txt	I:\BL_TXTS\1810s\1810\01\1810.01.06_Jackson'sOxfordJournal_0004.txt
256	391	395	I:\BL_TXTS\1810s\1810\03\1810.03.10_Jackson'sOxfordJournal_0004.txt	I:\BL_TXTS\1810s\1810\01\1810.01.13_Jackson'sOxfordJournal_0004.txt
672	883	883	I:\BL_TXTS\1810s\1810\03\1810.03.10_Jackson'sOxfordJournal_0004.txt	I:\BL_TXTS\1810s\1810\01\1810.01.20_Jackson'sOxfordJournal_0004.txt
504	716	728	I:\BL_TXTS\1810s\1810\03\1810.03.10_Jackson'sOxfordJournal_0004.txt	I:\BL_TXTS\1810s\1810\01\1810.01.27_Jackson'sOxfordJournal_0004.txt
223	375	372	I:\BL_TXTS\1810s\1810\03\1810.03.10_TheIpswichJournal_0004.txt	I:\BL_TXTS\1810s\1810\01\1810.01.20_Jackson'sOxfordJournal_0004.txt
235	382	381	I:\BL_TXTS\1810s\1810\03\1810.03.10_TheLeedsMercury_0004.txt	I:\BL_TXTS\1810s\1810\01\1810.01.20_TheLeedsMercury_0004.txt
237	337	324	I:\BL_TXTS\1810s\1810\03\1810.03.14_TheAberdeenJournal_0004.txt	I:\BL_TXTS\1810s\1810\01\1810.01.24_TheAberdeenJournal_0004.txt
407	657	649	I:\BL_TXTS\1810s\1810\03\1810.03.15_TheDerbyMercury_0004.txt	I:\BL_TXTS\1810s\1810\01\1810.01.04_TheDerbyMercury_0004.txt
509	849	844	I:\BL_TXTS\1810s\1810\03\1810.03.15_TheDerbyMercury_0004.txt	I:\BL_TXTS\1810s\1810\01\1810.01.11_TheDerbyMercury_0004.txt
457	631	598	I:\BL_TXTS\1810s\1810\03\1810.03.17_Jackson'sOxfordJournal_0004.txt	I:\BL_TXTS\1810s\1810\01\1810.01.13_Jackson'sOxfordJournal_0004.txt
341	461	431	I:\BL_TXTS\1810s\1810\03\1810.03.17_Jackson'sOxfordJournal_0004.txt	I:\BL_TXTS\1810s\1810\01\1810.01.27_Jackson'sOxfordJournal_0001.txt
274	392	379	I:\BL_TXTS\1810s\1810\03\1810.03.17_Jackson'sOxfordJournal_0004.txt	I:\BL_TXTS\1810s\1810\01\1810.01.27_Jackson'sOxfordJournal_0004.txt
254	306	313	I:\BL_TXTS\1810s\1810\03\1810.03.21_TheAberdeenJournal_0001.txt	I:\BL_TXTS\1810s\1810\01\1810.01.24_TheAberdeenJournal_0004.txt
292	412	428	I:\BL_TXTS\1810s\1810\03\1810.03.21_TheAberdeenJournal_0001.txt	I:\BL_TXTS\1810s\1810\01\1810.01.31_TheAberdeenJournal_0001.txt
339	385	398	I:\BL_TXTS\1810s\1810\03\1810.03.21_TheAberdeenJournal_0002.txt	I:\BL_TXTS\1810s\1810\01\1810.01.17_TheAberdeenJournal_0001.txt
227	301	309	I:\BL_TXTS\1810s\1810\03\1810.03.21_TheAberdeenJournal_0002.txt	I:\BL_TXTS\1810s\1810\01\1810.01.31_TheAberdeenJournal_0002.txt
212	303	289	I:\BL_TXTS\1810s\1810\03\1810.03.21_TheAberdeenJournal_0004.txt	I:\BL_TXTS\1810s\1810\01\1810.01.17_TheAberdeenJournal_0004.txt
224	295	286	I:\BL_TXTS\1810s\1810\03\1810.03.21_TheAberdeenJournal_0004.txt	I:\BL_TXTS\1810s\1810\01\1810.01.24_TheAberdeenJournal_0001.txt
217	376	376	I:\BL_TXTS\1810s\1810\03\1810.03.22_TheDerbyMercury_0001.txt	I:\BL_TXTS\1810s\1810\01\1810.01.04_TheDerbyMercury_0001.txt
263	417	417	I:\BL_TXTS\1810s\1810\03\1810.03.22_TheDerbyMercury_0004.txt	I:\BL_TXTS\1810s\1810\01\1810.01.18_TheDerbyMercury_0004.txt
247	388	380	I:\BL_TXTS\1810s\1810\03\1810.03.22_TheDerbyMercury_0004.txt	I:\BL_TXTS\1810s\1810\01\1810.01.20_Jackson'sOxfordJournal_0004.txt
208	328	329	I:\BL_TXTS\1810s\1810\03\1810.03.24_Jackson'sOxfordJournal_0003.txt	I:\BL_TXTS\1810s\1810\01\1810.01.27_Jackson'sOxfordJournal_0003.txt
219	359	369	I:\BL_TXTS\1810s\1810\03\1810.03.24_TheLeedsMercury_0001.txt	I:\BL_TXTS\1810s\1810\01\1810.01.27_TheLeedsMercury_0001.txt
240	367	378	I:\BL_TXTS\1810s\1810\03\1810.03.28_TheAberdeenJournal_0001.txt	I:\BL_TXTS\1810s\1810\01\1810.01.10_TheAberdeenJournal_0001.txt
239	371	360	I:\BL_TXTS\1810s\1810\03\1810.03.28_TheAberdeenJournal_0001.txt	I:\BL_TXTS\1810s\1810\01\1810.01.24_TheAberdeenJournal_0001.txt
320	488	472	I:\BL_TXTS\1810s\1810\03\1810.03.28_TheAberdeenJournal_0002.txt	I:\BL_TXTS\1810s\1810\01\1810.01.31_TheAberdeenJournal_0001.txt
206	341	327	I:\BL_TXTS\1810s\1810\03\1810.03.29_TheDerbyMercury_0004.txt	I:\BL_TXTS\1810s\1810\01\1810.01.04_TheDerbyMercury_0001.txt
305	539	507	I:\BL_TXTS\1810s\1810\03\1810.03.29_TheDerbyMercury_0004.txt	I:\BL_TXTS\1810s\1810\01\1810.01.04_TheDerbyMercury_0004.txt
270	456	434	I:\BL_TXTS\1810s\1810\03\1810.03.29_TheDerbyMercury_0004.txt	I:\BL_TXTS\1810s\1810\01\1810.01.11_TheDerbyMercury_0004.txt
210	317	317	I:\BL_TXTS\1810s\1810\03\1810.03.29_TheDerbyMercury_0004.txt	I:\BL_TXTS\1810s\1810\01\1810.01.13_Jackson'sOxfordJournal_0004.txt
761	1081	1070	I:\BL_TXTS\1810s\1810\03\1810.03.29_TheDerbyMercury_0004.txt	I:\BL_TXTS\1810s\1810\01\1810.01.18_TheDerbyMercury_0004.txt
258	389	386	I:\BL_TXTS\1810s\1810\03\1810.03.29_TheDerbyMercury_0004.txt	I:\BL_TXTS\1810s\1810\01\1810.01.27_Jackson'sOxfordJournal_0004.txt
272	457	465	I:\BL_TXTS\1810s\1810\03\1810.03.29_Trewman'sExeterFlyingPostorPlymouthandCornishAdvertiser_0003.txt	I:\BL_TXTS\1810s\1810\01\1810.01.04_Trewman'sExeterFlyingPostorPlymouthandCornishAdvertiser_0003.txt
235	408	411	I:\BL_TXTS\1810s\1810\03\1810.03.29_Trewman'sExeterFlyingPostorPlymouthandCornishAdvertiser_0003.txt	I:\BL_TXTS\1810s\1810\01\1810.01.11_Trewman'sExeterFlyingPostorPlymouthandCornishAdvertiser_0002.txt
294	350	352	I:\BL_TXTS\1810s\1810\03\1810.03.31_Jackson'sOxfordJournal_0001.txt	I:\BL_TXTS\1810s\1810\01\1810.01.13_Jackson'sOxfordJournal_0004.txt
270	358	355	I:\BL_TXTS\1810s\1810\03\1810.03.31_Jackson'sOxfordJournal_0001.txt	I:\BL_TXTS\1810s\1810\01\1810.01.27_Jackson'sOxfordJournal_0001.txt
263	393	399	I:\BL_TXTS\1810s\1810\03\1810.03.31_Jackson'sOxfordJournal_0002.txt	I:\BL_TXTS\1810s\1810\01\1810.01.06_Jackson'sOxfordJournal_0002.txt
325	462	483	I:\BL_TXTS\1810s\1810\03\1810.03.31_Jackson'sOxfordJournal_0004.txt	I:\BL_TXTS\1810s\1810\01\1810.01.13_Jackson'sOxfordJournal_0004.txt
267	378	377	I:\BL_TXTS\1810s\1810\03\1810.03.31_Jackson'sOxfordJournal_0004.txt	I:\BL_TXTS\1810s\1810\01\1810.01.20_Jackson'sOxfordJournal_0004.txt
229	317	308	I:\BL_TXTS\1810s\1810\04\1810.04.04_TheAberdeenJournal_0001.txt	I:\BL_TXTS\1810s\1810\01\1810.01.24_TheAberdeenJournal_0004.txt
407	656	647	I:\BL_TXTS\1810s\1810\04\1810.04.05_TheDerbyMercury_0004.txt	I:\BL_TXTS\1810s\1810\01\1810.01.04_TheDerbyMercury_0004.txt
474	698	691	I:\BL_TXTS\1810s\1810\04\1810.04.05_TheDerbyMercury_0004.txt	I:\BL_TXTS\1810s\1810\01\1810.01.18_TheDerbyMercury_0004.txt
413	518	526	I:\BL_TXTS\1810s\1810\04\1810.04.07_Jackson'sOxfordJournal_0004.txt	I:\BL_TXTS\1810s\1810\01\1810.01.06_Jackson'sOxfordJournal_0004.txt
505	677	670	I:\BL_TXTS\1810s\1810\04\1810.04.07_Jackson'sOxfordJournal_0004.txt	I:\BL_TXTS\1810s\1810\01\1810.01.27_Jackson'sOxfordJournal_0001.txt
265	456	453	I:\BL_TXTS\1810s\1810\04\1810.04.12_TheDerbyMercury_0004.txt	I:\BL_TXTS\1810s\1810\01\1810.01.04_TheDerbyMercury_0004.txt
231	390	396	I:\BL_TXTS\1810s\1810\04\1810.04.12_TheDerbyMercury_0004.txt	I:\BL_TXTS\1810s\1810\01\1810.01.11_TheDerbyMercury_0004.txt
221	350	362	I:\BL_TXTS\1810s\1810\04\1810.04.14_CaledonianMercury_0004.txt	I:\BL_TXTS\1810s\1810\01\1810.01.25_CaledonianMercury_0004.txt
257	384	379	I:\BL_TXTS\1810s\1810\04\1810.04.14_Jackson'sOxfordJournal_0001.txt	I:\BL_TXTS\1810s\1810\01\1810.01.13_Jackson'sOxfordJournal_0004.txt
280	435	428	I:\BL_TXTS\1810s\1810\04\1810.04.14_Jackson'sOxfordJournal_0001.txt	I:\BL_TXTS\1810s\1810\01\1810.01.27_Jackson'sOxfordJournal_0001.txt
281	457	454	I:\BL_TXTS\1810s\1810\04\1810.04.19_TheDerbyMercury_0004.txt	I:\BL_TXTS\1810s\1810\01\1810.01.04_TheDerbyMercury_0004.txt
322	521	515	I:\BL_TXTS\1810s\1810\04\1810.04.19_TheDerbyMercury_0004.txt	I:\BL_TXTS\1810s\1810\01\1810.01.11_TheDerbyMercury_0004.txt
249	414	415	I:\BL_TXTS\1810s\1810\04\1810.04.19_TheDerbyMercury_0004.txt	I:\BL_TXTS\1810s\1810\01\1810.01.18_TheDerbyMercury_0004.txt
438	563	603	I:\BL_TXTS\1810s\1810\04\1810.04.21_Jackson'sOxfordJournal_0001.txt	I:\BL_TXTS\1810s\1810\01\1810.01.06_Jackson'sOxfordJournal_0003.txt
241	322	307	I:\BL_TXTS\1810s\1810\04\1810.04.21_Jackson'sOxfordJournal_0002.txt	I:\BL_TXTS\1810s\1810\01\1810.01.06_Jackson'sOxfordJournal_0001.txt
202	335	344	I:\BL_TXTS\1810s\1810\04\1810.04.24_TheHullPacketandOriginalWeeklyCommercial,LiteraryandGeneralAdvertiser_0001.txt	I:\BL_TXTS\1810s\1810\01\1810.01.27_Jackson'sOxfordJournal_0001.txt
522	810	803	I:\BL_TXTS\1810s\1810\04\1810.04.26_TheDerbyMercury_0004.txt	I:\BL_TXTS\1810s\1810\01\1810.01.04_TheDerbyMercury_0004.txt
314	531	521	I:\BL_TXTS\1810s\1810\04\1810.04.26_TheDerbyMercury_0004.txt	I:\BL_TXTS\1810s\1810\01\1810.01.11_TheDerbyMercury_0004.txt
228	327	330	I:\BL_TXTS\1810s\1810\04\1810.04.28_Jackson'sOxfordJournal_0001.txt	I:\BL_TXTS\1810s\1810\01\1810.01.06_Jackson'sOxfordJournal_0001.txt
382	518	549	I:\BL_TXTS\1810s\1810\04\1810.04.28_Jackson'sOxfordJournal_0001.txt	I:\BL_TXTS\1810s\1810\01\1810.01.06_Jackson'sOxfordJournal_0003.txt
225	316	323	I:\BL_TXTS\1810s\1810\04\1810.04.28_Jackson'sOxfordJournal_0002.txt	I:\BL_TXTS\1810s\1810\01\1810.01.13_Jackson'sOxfordJournal_0004.txt
253	372	376	I:\BL_TXTS\1810s\1810\04\1810.04.28_Jackson'sOxfordJournal_0002.txt	I:\BL_TXTS\1810s\1810\01\1810.01.27_Jackson'sOxfordJournal_0001.txt
449	785	777	I:\BL_TXTS\1810s\1810\05\1810.05.03_TheDerbyMercury_0004.txt	I:\BL_TXTS\1810s\1810\01\1810.01.04_TheDerbyMercury_0004.txt
268	445	448	I:\BL_TXTS\1810s\1810\05\1810.05.03_TheDerbyMercury_0004.txt	I:\BL_TXTS\1810s\1810\01\1810.01.18_TheDerbyMercury_0004.txt
245	322	335	I:\BL_TXTS\1810s\1810\05\1810.05.05_Jackson'sOxfordJournal_0004.txt	I:\BL_TXTS\1810s\1810\01\1810.01.06_Jackson'sOxfordJournal_0004.txt
266	426	419	I:\BL_TXTS\1810s\1810\05\1810.05.05_Jackson'sOxfordJournal_0004.txt	I:\BL_TXTS\1810s\1810\01\1810.01.20_Jackson'sOxfordJournal_0002.txt
320	469	489	I:\BL_TXTS\1810s\1810\05\1810.05.05_Jackson'sOxfordJournal_0004.txt	I:\BL_TXTS\1810s\1810\01\1810.01.27_Jackson'sOxfordJournal_0001.txt
372	620	612	I:\BL_TXTS\1810s\1810\05\1810.05.10_TheDerbyMercury_0004.txt	I:\BL_TXTS\1810s\1810\01\1810.01.04_TheDerbyMercury_0004.txt
301	535	521	I:\BL_TXTS\1810s\1810\05\1810.05.10_TheDerbyMercury_0004.txt	I:\BL_TXTS\1810s\1810\01\1810.01.11_TheDerbyMercury_0004.txt
243	318	321	I:\BL_TXTS\1810s\1810\05\1810.05.12_Jackson'sOxfordJournal_0002.txt	I:\BL_TXTS\1810s\1810\01\1810.01.20_Jackson'sOxfordJournal_0001.txt
296	381	383	I:\BL_TXTS\1810s\1810\05\1810.05.12_Jackson'sOxfordJournal_0004.txt	I:\BL_TXTS\1810s\1810\01\1810.01.13_Jackson'sOxfordJournal_0004.txt
293	392	387	I:\BL_TXTS\1810s\1810\05\1810.05.12_Jackson'sOxfordJournal_0004.txt	I:\BL_TXTS\1810s\1810\01\1810.01.27_Jackson'sOxfordJournal_0001.txt
226	272	288	I:\BL_TXTS\1810s\1810\05\1810.05.15_TheHullPacketandOriginalWeeklyCommercial,LiteraryandGeneralAdvertiser_0004.txt	I:\BL_TXTS\1810s\1810\01\1810.01.03_TheAberdeenJournal_0002.txt
289	343	343	I:\BL_TXTS\1810s\1810\05\1810.05.15_TheHullPacketandOriginalWeeklyCommercial,LiteraryandGeneralAdvertiser_0004.txt	I:\BL_TXTS\1810s\1810\01\1810.01.17_TheAberdeenJournal_0003.txt
317	524	510	I:\BL_TXTS\1810s\1810\05\1810.05.17_TheDerbyMercury_0004.txt	I:\BL_TXTS\1810s\1810\01\1810.01.04_TheDerbyMercury_0004.txt
270	438	417	I:\BL_TXTS\1810s\1810\05\1810.05.17_TheDerbyMercury_0004.txt	I:\BL_TXTS\1810s\1810\01\1810.01.11_TheDerbyMercury_0004.txt
235	376	376	I:\BL_TXTS\1810s\1810\05\1810.05.21_CaledonianMercury_0001.txt	I:\BL_TXTS\1810s\1810\01\1810.01.15_CaledonianMercury_0004.txt
212	348	344	I:\BL_TXTS\1810s\1810\05\1810.05.24_TheDerbyMercury_0004.txt	I:\BL_TXTS\1810s\1810\01\1810.01.04_TheDerbyMercury_0004.txt
228	393	386	I:\BL_TXTS\1810s\1810\05\1810.05.24_TheDerbyMercury_0004.txt	I:\BL_TXTS\1810s\1810\01\1810.01.18_TheDerbyMercury_0004.txt
288	384	390	I:\BL_TXTS\1810s\1810\05\1810.05.26_Jackson'sOxfordJournal_0001.txt	I:\BL_TXTS\1810s\1810\01\1810.01.13_Jackson'sOxfordJournal_0004.txt
304	434	428	I:\BL_TXTS\1810s\1810\05\1810.05.26_Jackson'sOxfordJournal_0001.txt	I:\BL_TXTS\1810s\1810\01\1810.01.27_Jackson'sOxfordJournal_0001.txt
299	484	484	I:\BL_TXTS\1810s\1810\05\1810.05.31_TheDerbyMercury_0004.txt	I:\BL_TXTS\1810s\1810\01\1810.01.04_TheDerbyMercury_0004.txt
213	321	333	I:\BL_TXTS\1810s\1810\06\1810.06.02_Jackson'sOxfordJournal_0001.txt	I:\BL_TXTS\1810s\1810\01\1810.01.06_Jackson'sOxfordJournal_0004.txt
252	391	409	I:\BL_TXTS\1810s\1810\06\1810.06.02_Jackson'sOxfordJournal_0004.txt	I:\BL_TXTS\1810s\1810\01\1810.01.27_Jackson'sOxfordJournal_0001.txt
271	441	447	I:\BL_TXTS\1810s\1810\06\1810.06.07_Trewman'sExeterFlyingPostorPlymouthandCornishAdvertiser_0003.txt	I:\BL_TXTS\1810s\1810\01\1810.01.04_Trewman'sExeterFlyingPostorPlymouthandCornishAdvertiser_0003.txt
209	309	311	I:\BL_TXTS\1810s\1810\06\1810.06.07_Trewman'sExeterFlyingPostorPlymouthandCornishAdvertiser_0003.txt	I:\BL_TXTS\1810s\1810\01\1810.01.13_Jackson'sOxfordJournal_0004.txt
295	378	381	I:\BL_TXTS\1810s\1810\06\1810.06.09_Jackson'sOxfordJournal_0001.txt	I:\BL_TXTS\1810s\1810\01\1810.01.13_Jackson'sOxfordJournal_0004.txt
341	457	453	I:\BL_TXTS\1810s\1810\06\1810.06.09_Jackson'sOxfordJournal_0001.txt	I:\BL_TXTS\1810s\1810\01\1810.01.27_Jackson'sOxfordJournal_0001.txt
249	380	376	I:\BL_TXTS\1810s\1810\06\1810.06.09_Jackson'sOxfordJournal_0002.txt	I:\BL_TXTS\1810s\1810\01\1810.01.13_Jackson'sOxfordJournal_0004.txt
256	404	408	I:\BL_TXTS\1810s\1810\06\1810.06.09_Jackson'sOxfordJournal_0002.txt	I:\BL_TXTS\1810s\1810\01\1810.01.27_Jackson'sOxfordJournal_0001.txt
203	268	273	I:\BL_TXTS\1810s\1810\06\1810.06.13_TheAberdeenJournal_0004.txt	I:\BL_TXTS\1810s\1810\01\1810.01.24_TheAberdeenJournal_0001.txt
232	378	372	I:\BL_TXTS\1810s\1810\06\1810.06.14_TheDerbyMercury_0004.txt	I:\BL_TXTS\1810s\1810\01\1810.01.04_TheDerbyMercury_0004.txt
339	575	567	I:\BL_TXTS\1810s\1810\06\1810.06.14_TheDerbyMercury_0004.txt	I:\BL_TXTS\1810s\1810\01\1810.01.11_TheDerbyMercury_0004.txt
201	329	326	I:\BL_TXTS\1810s\1810\06\1810.06.14_Trewman'sExeterFlyingPostorPlymouthandCornishAdvertiser_0002.txt	I:\BL_TXTS\1810s\1810\01\1810.01.11_Trewman'sExeterFlyingPostorPlymouthandCornishAdvertiser_0002.txt
202	308	300	I:\BL_TXTS\1810s\1810\06\1810.06.14_Trewman'sExeterFlyingPostorPlymouthandCornishAdvertiser_0002.txt	I:\BL_TXTS\1810s\1810\01\1810.01.11_Trewman'sExeterFlyingPostorPlymouthandCornishAdvertiser_0003.txt
222	308	307	I:\BL_TXTS\1810s\1810\06\1810.06.14_Trewman'sExeterFlyingPostorPlymouthandCornishAdvertiser_0002.txt	I:\BL_TXTS\1810s\1810\01\1810.01.13_Jackson'sOxfordJournal_0004.txt
214	332	327	I:\BL_TXTS\1810s\1810\06\1810.06.14_Trewman'sExeterFlyingPostorPlymouthandCornishAdvertiser_0002.txt	I:\BL_TXTS\1810s\1810\01\1810.01.27_Jackson'sOxfordJournal_0001.txt
212	289	293	I:\BL_TXTS\1810s\1810\06\1810.06.20_TheAberdeenJournal_0001.txt	I:\BL_TXTS\1810s\1810\01\1810.01.17_TheAberdeenJournal_0001.txt
319	449	478	I:\BL_TXTS\1810s\1810\06\1810.06.20_TheAberdeenJournal_0001.txt	I:\BL_TXTS\1810s\1810\01\1810.01.31_TheAberdeenJournal_0001.txt
237	327	339	I:\BL_TXTS\1810s\1810\06\1810.06.20_TheAberdeenJournal_0002.txt	I:\BL_TXTS\1810s\1810\01\1810.01.17_TheAberdeenJournal_0002.txt
223	355	351	I:\BL_TXTS\1810s\1810\06\1810.06.21_TheDerbyMercury_0004.txt	I:\BL_TXTS\1810s\1810\01\1810.01.04_TheDerbyMercury_0004.txt
324	489	489	I:\BL_TXTS\1810s\1810\06\1810.06.21_TheDerbyMercury_0004.txt	I:\BL_TXTS\1810s\1810\01\1810.01.18_TheDerbyMercury_0004.txt
249	330	332	I:\BL_TXTS\1810s\1810\06\1810.06.23_Jackson'sOxfordJournal_0001.txt	I:\BL_TXTS\1810s\1810\01\1810.01.13_Jackson'sOxfordJournal_0004.txt
259	349	346	I:\BL_TXTS\1810s\1810\06\1810.06.23_Jackson'sOxfordJournal_0001.txt	I:\BL_TXTS\1810s\1810\01\1810.01.27_Jackson'sOxfordJournal_0001.txt
475	668	679	I:\BL_TXTS\1810s\1810\06\1810.06.27_TheAberdeenJournal_0001.txt	I:\BL_TXTS\1810s\1810\01\1810.01.10_TheAberdeenJournal_0001.txt
326	422	416	I:\BL_TXTS\1810s\1810\06\1810.06.27_TheAberdeenJournal_0002.txt	I:\BL_TXTS\1810s\1810\01\1810.01.10_TheAberdeenJournal_0002.txt
277	432	432	I:\BL_TXTS\1810s\1810\06\1810.06.30_Jackson'sOxfordJournal_0002.txt	I:\BL_TXTS\1810s\1810\01\1810.01.06_Jackson'sOxfordJournal_0001.txt
439	616	621	I:\BL_TXTS\1810s\1810\06\1810.06.30_Jackson'sOxfordJournal_0002.txt	I:\BL_TXTS\1810s\1810\01\1810.01.06_Jackson'sOxfordJournal_0003.txt
280	384	374	I:\BL_TXTS\1810s\1810\06\1810.06.30_Jackson'sOxfordJournal_0004.txt	I:\BL_TXTS\1810s\1810\01\1810.01.13_Jackson'sOxfordJournal_0004.txt
279	389	379	I:\BL_TXTS\1810s\1810\06\1810.06.30_Jackson'sOxfordJournal_0004.txt	I:\BL_TXTS\1810s\1810\01\1810.01.27_Jackson'sOxfordJournal_0001.txt
235	342	331	I:\BL_TXTS\1810s\1810\06\1810.06.30_TheLeedsMercury_0004.txt	I:\BL_TXTS\1810s\1810\01\1810.01.17_TheAberdeenJournal_0003.txt
233	319	311	I:\BL_TXTS\1810s\1810\07\1810.07.04_TheAberdeenJournal_0002.txt	I:\BL_TXTS\1810s\1810\01\1810.01.10_TheAberdeenJournal_0001.txt
212	259	252	I:\BL_TXTS\1810s\1810\07\1810.07.04_TheAberdeenJournal_0002.txt	I:\BL_TXTS\1810s\1810\01\1810.01.10_TheAberdeenJournal_0002.txt
244	307	312	I:\BL_TXTS\1810s\1810\07\1810.07.04_TheAberdeenJournal_0002.txt	I:\BL_TXTS\1810s\1810\01\1810.01.17_TheAberdeenJournal_0002.txt
395	648	643	I:\BL_TXTS\1810s\1810\07\1810.07.05_TheDerbyMercury_0004.txt	I:\BL_TXTS\1810s\1810\01\1810.01.04_TheDerbyMercury_0004.txt
288	476	485	I:\BL_TXTS\1810s\1810\07\1810.07.05_Trewman'sExeterFlyingPostorPlymouthandCornishAdvertiser_0002.txt	I:\BL_TXTS\1810s\1810\01\1810.01.04_Trewman'sExeterFlyingPostorPlymouthandCornishAdvertiser_0003.txt
227	348	348	I:\BL_TXTS\1810s\1810\07\1810.07.05_Trewman'sExeterFlyingPostorPlymouthandCornishAdvertiser_0002.txt	I:\BL_TXTS\1810s\1810\01\1810.01.11_Trewman'sExeterFlyingPostorPlymouthandCornishAdvertiser_0002.txt
200	343	353	I:\BL_TXTS\1810s\1810\07\1810.07.05_Trewman'sExeterFlyingPostorPlymouthandCornishAdvertiser_0002.txt	I:\BL_TXTS\1810s\1810\01\1810.01.25_Trewman'sExeterFlyingPostorPlymouthandCornishAdvertiser_0002.txt
319	480	501	I:\BL_TXTS\1810s\1810\07\1810.07.07_Jackson'sOxfordJournal_0001.txt	I:\BL_TXTS\1810s\1810\01\1810.01.06_Jackson'sOxfordJournal_0003.txt
243	342	344	I:\BL_TXTS\1810s\1810\07\1810.07.07_Jackson'sOxfordJournal_0001.txt	I:\BL_TXTS\1810s\1810\01\1810.01.13_Jackson'sOxfordJournal_0004.txt
233	330	326	I:\BL_TXTS\1810s\1810\07\1810.07.07_Jackson'sOxfordJournal_0001.txt	I:\BL_TXTS\1810s\1810\01\1810.01.27_Jackson'sOxfordJournal_0001.txt
217	336	337	I:\BL_TXTS\1810s\1810\07\1810.07.07_Jackson'sOxfordJournal_0004.txt	I:\BL_TXTS\1810s\1810\01\1810.01.06_Jackson'sOxfordJournal_0004.txt
245	417	413	I:\BL_TXTS\1810s\1810\07\1810.07.07_Jackson'sOxfordJournal_0004.txt	I:\BL_TXTS\1810s\1810\01\1810.01.27_Jackson'sOxfordJournal_0001.txt
337	596	597	I:\BL_TXTS\1810s\1810\07\1810.07.12_TheDerbyMercury_0004.txt	I:\BL_TXTS\1810s\1810\01\1810.01.04_TheDerbyMercury_0004.txt
289	488	476	I:\BL_TXTS\1810s\1810\07\1810.07.19_TheDerbyMercury_0004.txt	I:\BL_TXTS\1810s\1810\01\1810.01.04_TheDerbyMercury_0004.txt
363	583	578	I:\BL_TXTS\1810s\1810\07\1810.07.19_Trewman'sExeterFlyingPostorPlymouthandCornishAdvertiser_0003.txt	I:\BL_TXTS\1810s\1810\01\1810.01.04_Trewman'sExeterFlyingPostorPlymouthandCornishAdvertiser_0003.txt
255	368	371	I:\BL_TXTS\1810s\1810\07\1810.07.19_Trewman'sExeterFlyingPostorPlymouthandCornishAdvertiser_0003.txt	I:\BL_TXTS\1810s\1810\01\1810.01.11_Trewman'sExeterFlyingPostorPlymouthandCornishAdvertiser_0002.txt
200	303	296	I:\BL_TXTS\1810s\1810\07\1810.07.21_Jackson'sOxfordJournal_0003.txt	I:\BL_TXTS\1810s\1810\01\1810.01.06_Jackson'sOxfordJournal_0003.txt
280	396	392	I:\BL_TXTS\1810s\1810\07\1810.07.21_Jackson'sOxfordJournal_0004.txt	I:\BL_TXTS\1810s\1810\01\1810.01.13_Jackson'sOxfordJournal_0004.txt
353	504	504	I:\BL_TXTS\1810s\1810\07\1810.07.21_Jackson'sOxfordJournal_0004.txt	I:\BL_TXTS\1810s\1810\01\1810.01.20_Jackson'sOxfordJournal_0001.txt
282	416	402	I:\BL_TXTS\1810s\1810\07\1810.07.21_Jackson'sOxfordJournal_0004.txt	I:\BL_TXTS\1810s\1810\01\1810.01.27_Jackson'sOxfordJournal_0001.txt
297	503	485	I:\BL_TXTS\1810s\1810\07\1810.07.26_TheDerbyMercury_0004.txt	I:\BL_TXTS\1810s\1810\01\1810.01.04_TheDerbyMercury_0004.txt
205	327	323	I:\BL_TXTS\1810s\1810\07\1810.07.28_Jackson'sOxfordJournal_0004.txt	I:\BL_TXTS\1810s\1810\01\1810.01.11_TheDerbyMercury_0004.txt
293	420	393	I:\BL_TXTS\1810s\1810\08\1810.08.04_Jackson'sOxfordJournal_0001.txt	I:\BL_TXTS\1810s\1810\01\1810.01.13_Jackson'sOxfordJournal_0004.txt
234	364	373	I:\BL_TXTS\1810s\1810\08\1810.08.04_Jackson'sOxfordJournal_0001.txt	I:\BL_TXTS\1810s\1810\01\1810.01.20_Jackson'sOxfordJournal_0001.txt
385	556	534	I:\BL_TXTS\1810s\1810\08\1810.08.04_Jackson'sOxfordJournal_0001.txt	I:\BL_TXTS\1810s\1810\01\1810.01.27_Jackson'sOxfordJournal_0001.txt
221	305	305	I:\BL_TXTS\1810s\1810\08\1810.08.04_Jackson'sOxfordJournal_0004.txt	I:\BL_TXTS\1810s\1810\01\1810.01.06_Jackson'sOxfordJournal_0004.txt
281	447	445	I:\BL_TXTS\1810s\1810\08\1810.08.04_Jackson'sOxfordJournal_0004.txt	I:\BL_TXTS\1810s\1810\01\1810.01.20_Jackson'sOxfordJournal_0002.txt
349	536	539	I:\BL_TXTS\1810s\1810\08\1810.08.04_Jackson'sOxfordJournal_0004.txt	I:\BL_TXTS\1810s\1810\01\1810.01.27_Jackson'sOxfordJournal_0001.txt
207	328	329	I:\BL_TXTS\1810s\1810\08\1810.08.11_Jackson'sOxfordJournal_0002.txt	I:\BL_TXTS\1810s\1810\01\1810.01.13_Jackson'sOxfordJournal_0004.txt
360	609	615	I:\BL_TXTS\1810s\1810\08\1810.08.11_Jackson'sOxfordJournal_0002.txt	I:\BL_TXTS\1810s\1810\01\1810.01.27_Jackson'sOxfordJournal_0001.txt
228	342	338	I:\BL_TXTS\1810s\1810\08\1810.08.18_Jackson'sOxfordJournal_0001.txt	I:\BL_TXTS\1810s\1810\01\1810.01.06_Jackson'sOxfordJournal_0004.txt
216	349	352	I:\BL_TXTS\1810s\1810\08\1810.08.18_Jackson'sOxfordJournal_0001.txt	I:\BL_TXTS\1810s\1810\01\1810.01.13_Jackson'sOxfordJournal_0001.txt
276	367	379	I:\BL_TXTS\1810s\1810\08\1810.08.18_Jackson'sOxfordJournal_0001.txt	I:\BL_TXTS\1810s\1810\01\1810.01.13_Jackson'sOxfordJournal_0004.txt
352	533	545	I:\BL_TXTS\1810s\1810\08\1810.08.18_Jackson'sOxfordJournal_0001.txt	I:\BL_TXTS\1810s\1810\01\1810.01.20_Jackson'sOxfordJournal_0001.txt
550	795	797	I:\BL_TXTS\1810s\1810\08\1810.08.18_Jackson'sOxfordJournal_0001.txt	I:\BL_TXTS\1810s\1810\01\1810.01.27_Jackson'sOxfordJournal_0001.txt
268	427	435	I:\BL_TXTS\1810s\1810\08\1810.08.18_Jackson'sOxfordJournal_0001.txt	I:\BL_TXTS\1810s\1810\01\1810.01.27_Jackson'sOxfordJournal_0002.txt
246	340	342	I:\BL_TXTS\1810s\1810\08\1810.08.18_Jackson'sOxfordJournal_0002.txt	I:\BL_TXTS\1810s\1810\01\1810.01.13_Jackson'sOxfordJournal_0004.txt
259	357	357	I:\BL_TXTS\1810s\1810\08\1810.08.18_Jackson'sOxfordJournal_0002.txt	I:\BL_TXTS\1810s\1810\01\1810.01.27_Jackson'sOxfordJournal_0001.txt
324	565	547	I:\BL_TXTS\1810s\1810\08\1810.08.23_TheDerbyMercury_0004.txt	I:\BL_TXTS\1810s\1810\01\1810.01.04_TheDerbyMercury_0004.txt
297	475	482	I:\BL_TXTS\1810s\1810\08\1810.08.25_Jackson'sOxfordJournal_0001.txt	I:\BL_TXTS\1810s\1810\01\1810.01.20_Jackson'sOxfordJournal_0001.txt
219	341	347	I:\BL_TXTS\1810s\1810\08\1810.08.25_Jackson'sOxfordJournal_0001.txt	I:\BL_TXTS\1810s\1810\01\1810.01.27_Jackson'sOxfordJournal_0001.txt
282	447	448	I:\BL_TXTS\1810s\1810\08\1810.08.30_TheDerbyMercury_0004.txt	I:\BL_TXTS\1810s\1810\01\1810.01.04_TheDerbyMercury_0004.txt
