228	347	337	I:\BL_TXTS\1800s\1803\01\1803.01.03_HampshireTelegraph&PortsmouthGazette_0001.txt	I:\BL_TXTS\1800s\1803\01\1803.01.01_Jackson'sOxfordJournal_0004.txt
371	582	569	I:\BL_TXTS\1800s\1803\01\1803.01.03_HampshireTelegraph&PortsmouthGazette_0004.txt	I:\BL_TXTS\1800s\1803\01\1803.01.01_Jackson'sOxfordJournal_0004.txt
205	340	338	1803	01	06	Trewman'sExeterFlyingPost	1803.01.06_Trewman'sExeterFlyingPost_0003	1803	01	06	TheDerbyMercury	1803.01.06_TheDerbyMercury_0001
726	1006	963	1803	01	08	Jackson'sOxfordJournal	1803.01.08_Jackson'sOxfordJournal_0001	1803	01	01	Jackson'sOxfordJournal	1803.01.01_Jackson'sOxfordJournal_0002
273	416	415	1803	01	08	Jackson'sOxfordJournal	1803.01.08_Jackson'sOxfordJournal_0001	1803	01	06	Trewman'sExeterFlyingPost	1803.01.06_Trewman'sExeterFlyingPost_0004
378	521	517	1803	01	08	Jackson'sOxfordJournal	1803.01.08_Jackson'sOxfordJournal_0002	1803	01	01	Jackson'sOxfordJournal	1803.01.01_Jackson'sOxfordJournal_0002
394	569	576	1803	01	08	Jackson'sOxfordJournal	1803.01.08_Jackson'sOxfordJournal_0002	1803	01	06	Trewman'sExeterFlyingPost	1803.01.06_Trewman'sExeterFlyingPost_0003
344	560	572	1803	01	08	Jackson'sOxfordJournal	1803.01.08_Jackson'sOxfordJournal_0002	1803	01	06	Trewman'sExeterFlyingPost	1803.01.06_Trewman'sExeterFlyingPost_0004
748	1104	1089	1803	01	08	Jackson'sOxfordJournal	1803.01.08_Jackson'sOxfordJournal_0003	1803	01	01	Jackson'sOxfordJournal	1803.01.01_Jackson'sOxfordJournal_0003
249	368	351	1803	01	08	Jackson'sOxfordJournal	1803.01.08_Jackson'sOxfordJournal_0004	1803	01	06	Trewman'sExeterFlyingPost	1803.01.06_Trewman'sExeterFlyingPost_0002
222	391	400	1803	01	08	TheNewcastleCourantetc	1803.01.08_TheNewcastleCourantetc_0002	1803	01	06	Trewman'sExeterFlyingPost	1803.01.06_Trewman'sExeterFlyingPost_0004
237	404	396	I:\BL_TXTS\1800s\1803\01\1803.01.10_HampshireTelegraph&PortsmouthGazette_0001.txt	I:\BL_TXTS\1800s\1803\01\1803.01.03_HampshireTelegraph&PortsmouthGazette_0003.txt
200	319	319	I:\BL_TXTS\1800s\1803\01\1803.01.10_HampshireTelegraph&PortsmouthGazette_0001.txt	I:\BL_TXTS\1800s\1803\01\1803.01.06_Trewman'sExeterFlyingPost_0003.txt
268	427	421	I:\BL_TXTS\1800s\1803\01\1803.01.10_HampshireTelegraph&PortsmouthGazette_0001.txt	I:\BL_TXTS\1800s\1803\01\1803.01.08_Jackson'sOxfordJournal_0002.txt
216	386	385	I:\BL_TXTS\1800s\1803\01\1803.01.10_HampshireTelegraph&PortsmouthGazette_0004.txt	I:\BL_TXTS\1800s\1803\01\1803.01.06_Trewman'sExeterFlyingPost_0004.txt
381	583	578	I:\BL_TXTS\1800s\1803\01\1803.01.10_HampshireTelegraph&PortsmouthGazette_0004.txt	I:\BL_TXTS\1800s\1803\01\1803.01.08_Jackson'sOxfordJournal_0002.txt
277	453	452	1803	01	11	TheHullPacket	1803.01.11_TheHullPacket_0001	1803	01	06	Trewman'sExeterFlyingPost	1803.01.06_Trewman'sExeterFlyingPost_0003
455	707	697	1803	01	11	TheHullPacket	1803.01.11_TheHullPacket_0001	1803	01	08	Jackson'sOxfordJournal	1803.01.08_Jackson'sOxfordJournal_0002
292	483	479	1803	01	11	TheHullPacket	1803.01.11_TheHullPacket_0002	1803	01	04	TheHullPacket	1803.01.04_TheHullPacket_0002
250	399	396	1803	01	11	TheHullPacket	1803.01.11_TheHullPacket_0004	1803	01	08	Jackson'sOxfordJournal	1803.01.08_Jackson'sOxfordJournal_0002
386	629	645	1803	01	11	TheHullPacket	1803.01.11_TheHullPacket_0004	1803	01	08	Jackson'sOxfordJournal	1803.01.08_Jackson'sOxfordJournal_0004
229	371	358	1803	01	12	TheAberdeenJournal	1803.01.12_TheAberdeenJournal_0003	1803	01	03	TheMorningChronicle	1803.01.03_TheMorningChronicle_0002
445	700	689	1803	01	13	TheDerbyMercury	1803.01.13_TheDerbyMercury_0001	1803	01	06	TheDerbyMercury	1803.01.06_TheDerbyMercury_0001
550	916	934	1803	01	13	TheDerbyMercury	1803.01.13_TheDerbyMercury_0001	1803	01	06	TheDerbyMercury	1803.01.06_TheDerbyMercury_0004
416	681	677	1803	01	13	TheDerbyMercury	1803.01.13_TheDerbyMercury_0002	1803	01	06	TheDerbyMercury	1803.01.06_TheDerbyMercury_0002
436	664	666	1803	01	13	TheDerbyMercury	1803.01.13_TheDerbyMercury_0003	1803	01	06	TheDerbyMercury	1803.01.06_TheDerbyMercury_0003
729	1127	1079	1803	01	13	TheDerbyMercury	1803.01.13_TheDerbyMercury_0003	1803	01	08	Jackson'sOxfordJournal	1803.01.08_Jackson'sOxfordJournal_0004
502	810	814	1803	01	13	TheDerbyMercury	1803.01.13_TheDerbyMercury_0004	1803	01	06	TheDerbyMercury	1803.01.06_TheDerbyMercury_0001
306	475	476	1803	01	13	TheDerbyMercury	1803.01.13_TheDerbyMercury_0004	1803	01	06	Trewman'sExeterFlyingPost	1803.01.06_Trewman'sExeterFlyingPost_0003
377	576	569	1803	01	13	TheDerbyMercury	1803.01.13_TheDerbyMercury_0004	1803	01	08	Jackson'sOxfordJournal	1803.01.08_Jackson'sOxfordJournal_0002
208	342	333	I:\BL_TXTS\1800s\1803\01\1803.01.13_TheDerbyMercury_0004.txt	I:\BL_TXTS\1800s\1803\01\1803.01.10_HampshireTelegraph&PortsmouthGazette_0001.txt
217	343	346	1803	01	13	TheDerbyMercury	1803.01.13_TheDerbyMercury_0004	1803	01	11	TheHullPacket	1803.01.11_TheHullPacket_0001
203	354	346	1803	01	13	Trewman'sExeterFlyingPost	1803.01.13_Trewman'sExeterFlyingPost_0002	1803	01	06	Trewman'sExeterFlyingPost	1803.01.06_Trewman'sExeterFlyingPost_0001
496	833	818	1803	01	13	Trewman'sExeterFlyingPost	1803.01.13_Trewman'sExeterFlyingPost_0003	1803	01	06	Trewman'sExeterFlyingPost	1803.01.06_Trewman'sExeterFlyingPost_0003
236	414	405	1803	01	13	Trewman'sExeterFlyingPost	1803.01.13_Trewman'sExeterFlyingPost_0003	1803	01	08	Jackson'sOxfordJournal	1803.01.08_Jackson'sOxfordJournal_0001
296	481	474	1803	01	13	Trewman'sExeterFlyingPost	1803.01.13_Trewman'sExeterFlyingPost_0003	1803	01	08	Jackson'sOxfordJournal	1803.01.08_Jackson'sOxfordJournal_0002
209	343	343	1803	01	13	Trewman'sExeterFlyingPost	1803.01.13_Trewman'sExeterFlyingPost_0003	1803	01	13	TheDerbyMercury	1803.01.13_TheDerbyMercury_0004
230	328	339	I:\BL_TXTS\1800s\1803\01\1803.01.13_Trewman'sExeterFlyingPost_0004.txt	I:\BL_TXTS\1800s\1803\01\1803.01.10_HampshireTelegraph&PortsmouthGazette_0003.txt
234	350	343	1803	01	13	Trewman'sExeterFlyingPost	1803.01.13_Trewman'sExeterFlyingPost_0004	1803	01	13	TheDerbyMercury	1803.01.13_TheDerbyMercury_0002
589	854	841	1803	01	15	Jackson'sOxfordJournal	1803.01.15_Jackson'sOxfordJournal_0001	1803	01	01	Jackson'sOxfordJournal	1803.01.01_Jackson'sOxfordJournal_0002
400	611	623	1803	01	15	Jackson'sOxfordJournal	1803.01.15_Jackson'sOxfordJournal_0001	1803	01	06	Trewman'sExeterFlyingPost	1803.01.06_Trewman'sExeterFlyingPost_0003
594	778	793	1803	01	15	Jackson'sOxfordJournal	1803.01.15_Jackson'sOxfordJournal_0001	1803	01	08	Jackson'sOxfordJournal	1803.01.08_Jackson'sOxfordJournal_0001
852	1181	1174	1803	01	15	Jackson'sOxfordJournal	1803.01.15_Jackson'sOxfordJournal_0001	1803	01	08	Jackson'sOxfordJournal	1803.01.08_Jackson'sOxfordJournal_0002
295	371	382	1803	01	15	Jackson'sOxfordJournal	1803.01.15_Jackson'sOxfordJournal_0001	1803	01	08	Jackson'sOxfordJournal	1803.01.08_Jackson'sOxfordJournal_0003
216	340	349	I:\BL_TXTS\1800s\1803\01\1803.01.15_Jackson'sOxfordJournal_0001.txt	I:\BL_TXTS\1800s\1803\01\1803.01.10_HampshireTelegraph&PortsmouthGazette_0001.txt
233	359	365	1803	01	15	Jackson'sOxfordJournal	1803.01.15_Jackson'sOxfordJournal_0001	1803	01	11	TheHullPacket	1803.01.11_TheHullPacket_0001
407	625	632	1803	01	15	Jackson'sOxfordJournal	1803.01.15_Jackson'sOxfordJournal_0001	1803	01	13	TheDerbyMercury	1803.01.13_TheDerbyMercury_0004
270	426	440	1803	01	15	Jackson'sOxfordJournal	1803.01.15_Jackson'sOxfordJournal_0001	1803	01	13	Trewman'sExeterFlyingPost	1803.01.13_Trewman'sExeterFlyingPost_0003
367	583	587	1803	01	15	Jackson'sOxfordJournal	1803.01.15_Jackson'sOxfordJournal_0001	1803	01	13	Trewman'sExeterFlyingPost	1803.01.13_Trewman'sExeterFlyingPost_0004
299	475	484	1803	01	15	Jackson'sOxfordJournal	1803.01.15_Jackson'sOxfordJournal_0003	1803	01	01	Jackson'sOxfordJournal	1803.01.01_Jackson'sOxfordJournal_0003
1227	1728	1756	1803	01	15	Jackson'sOxfordJournal	1803.01.15_Jackson'sOxfordJournal_0003	1803	01	08	Jackson'sOxfordJournal	1803.01.08_Jackson'sOxfordJournal_0003
225	338	341	1803	01	15	Jackson'sOxfordJournal	1803.01.15_Jackson'sOxfordJournal_0004	1803	01	01	Jackson'sOxfordJournal	1803.01.01_Jackson'sOxfordJournal_0004
438	606	605	1803	01	15	Jackson'sOxfordJournal	1803.01.15_Jackson'sOxfordJournal_0004	1803	01	13	TheDerbyMercury	1803.01.13_TheDerbyMercury_0002
285	429	423	1803	01	15	TheIpswichJournal	1803.01.15_TheIpswichJournal_0001	1803	01	08	Jackson'sOxfordJournal	1803.01.08_Jackson'sOxfordJournal_0001
317	494	493	1803	01	15	TheIpswichJournal	1803.01.15_TheIpswichJournal_0002	1803	01	15	Jackson'sOxfordJournal	1803.01.15_Jackson'sOxfordJournal_0002
210	378	370	1803	01	15	TheIpswichJournal	1803.01.15_TheIpswichJournal_0004	1803	01	13	TheDerbyMercury	1803.01.13_TheDerbyMercury_0004
256	429	430	1803	01	15	TheIpswichJournal	1803.01.15_TheIpswichJournal_0004	1803	01	13	Trewman'sExeterFlyingPost	1803.01.13_Trewman'sExeterFlyingPost_0004
363	564	558	1803	01	15	TheIpswichJournal	1803.01.15_TheIpswichJournal_0004	1803	01	15	Jackson'sOxfordJournal	1803.01.15_Jackson'sOxfordJournal_0001
312	500	493	1803	01	15	TheIpswichJournal	1803.01.15_TheIpswichJournal_0004	1803	01	15	Jackson'sOxfordJournal	1803.01.15_Jackson'sOxfordJournal_0004
430	722	740	I:\BL_TXTS\1800s\1803\01\1803.01.15_TheNewcastleCourantetc_0002.txt	I:\BL_TXTS\1800s\1803\01\1803.01.10_HampshireTelegraph&PortsmouthGazette_0002.txt
219	374	381	1803	01	15	TheNewcastleCourantetc	1803.01.15_TheNewcastleCourantetc_0002	1803	01	13	TheDerbyMercury	1803.01.13_TheDerbyMercury_0002
417	636	639	1803	01	15	TheNewcastleCourantetc	1803.01.15_TheNewcastleCourantetc_0002	1803	01	15	Jackson'sOxfordJournal	1803.01.15_Jackson'sOxfordJournal_0004
225	374	379	1803	01	15	TheNewcastleCourantetc	1803.01.15_TheNewcastleCourantetc_0002	1803	01	15	TheIpswichJournal	1803.01.15_TheIpswichJournal_0004
427	721	728	I:\BL_TXTS\1800s\1803\01\1803.01.17_HampshireTelegraph&PortsmouthGazette_0001.txt	I:\BL_TXTS\1800s\1803\01\1803.01.10_HampshireTelegraph&PortsmouthGazette_0001.txt
232	384	396	I:\BL_TXTS\1800s\1803\01\1803.01.17_HampshireTelegraph&PortsmouthGazette_0002.txt	I:\BL_TXTS\1800s\1803\01\1803.01.06_Trewman'sExeterFlyingPost_0003.txt
216	342	337	I:\BL_TXTS\1800s\1803\01\1803.01.17_HampshireTelegraph&PortsmouthGazette_0002.txt	I:\BL_TXTS\1800s\1803\01\1803.01.08_Jackson'sOxfordJournal_0002.txt
273	425	440	I:\BL_TXTS\1800s\1803\01\1803.01.17_HampshireTelegraph&PortsmouthGazette_0002.txt	I:\BL_TXTS\1800s\1803\01\1803.01.12_TheAberdeenJournal_0002.txt
210	349	355	I:\BL_TXTS\1800s\1803\01\1803.01.17_HampshireTelegraph&PortsmouthGazette_0002.txt	I:\BL_TXTS\1800s\1803\01\1803.01.13_TheDerbyMercury_0004.txt
401	607	608	I:\BL_TXTS\1800s\1803\01\1803.01.17_HampshireTelegraph&PortsmouthGazette_0002.txt	I:\BL_TXTS\1800s\1803\01\1803.01.15_Jackson'sOxfordJournal_0001.txt
417	683	660	I:\BL_TXTS\1800s\1803\01\1803.01.17_HampshireTelegraph&PortsmouthGazette_0004.txt	I:\BL_TXTS\1800s\1803\01\1803.01.03_HampshireTelegraph&PortsmouthGazette_0004.txt
283	462	449	I:\BL_TXTS\1800s\1803\01\1803.01.17_HampshireTelegraph&PortsmouthGazette_0004.txt	I:\BL_TXTS\1800s\1803\01\1803.01.05_TheAberdeenJournal_0002.txt
458	604	601	I:\BL_TXTS\1800s\1803\01\1803.01.17_HampshireTelegraph&PortsmouthGazette_0004.txt	I:\BL_TXTS\1800s\1803\01\1803.01.15_Jackson'sOxfordJournal_0002.txt
312	429	411	I:\BL_TXTS\1800s\1803\01\1803.01.17_HampshireTelegraph&PortsmouthGazette_0004.txt	I:\BL_TXTS\1800s\1803\01\1803.01.15_Jackson'sOxfordJournal_0004.txt
374	572	570	I:\BL_TXTS\1800s\1803\01\1803.01.17_HampshireTelegraph&PortsmouthGazette_0004.txt	I:\BL_TXTS\1800s\1803\01\1803.01.15_TheIpswichJournal_0002.txt
369	653	646	1803	01	19	TheAberdeenJournal	1803.01.19_TheAberdeenJournal_0001	1803	01	05	TheAberdeenJournal	1803.01.05_TheAberdeenJournal_0002
321	491	495	1803	01	19	TheAberdeenJournal	1803.01.19_TheAberdeenJournal_0001	1803	01	05	TheAberdeenJournal	1803.01.05_TheAberdeenJournal_0004
294	476	473	1803	01	19	TheAberdeenJournal	1803.01.19_TheAberdeenJournal_0001	1803	01	12	TheAberdeenJournal	1803.01.12_TheAberdeenJournal_0004
219	387	389	I:\BL_TXTS\1800s\1803\01\1803.01.19_TheAberdeenJournal_0001.txt	I:\BL_TXTS\1800s\1803\01\1803.01.17_HampshireTelegraph&PortsmouthGazette_0004.txt
234	385	384	1803	01	19	TheAberdeenJournal	1803.01.19_TheAberdeenJournal_0003	1803	01	06	Trewman'sExeterFlyingPost	1803.01.06_Trewman'sExeterFlyingPost_0004
228	369	374	1803	01	19	TheAberdeenJournal	1803.01.19_TheAberdeenJournal_0003	1803	01	08	Jackson'sOxfordJournal	1803.01.08_Jackson'sOxfordJournal_0002
219	359	352	I:\BL_TXTS\1800s\1803\01\1803.01.19_TheAberdeenJournal_0003.txt	I:\BL_TXTS\1800s\1803\01\1803.01.10_HampshireTelegraph&PortsmouthGazette_0004.txt
682	1020	1060	1803	01	20	TheDerbyMercury	1803.01.20_TheDerbyMercury_0001	1803	01	06	TheDerbyMercury	1803.01.06_TheDerbyMercury_0004
872	1389	1402	1803	01	20	TheDerbyMercury	1803.01.20_TheDerbyMercury_0001	1803	01	13	TheDerbyMercury	1803.01.13_TheDerbyMercury_0001
484	734	719	1803	01	20	TheDerbyMercury	1803.01.20_TheDerbyMercury_0001	1803	01	13	TheDerbyMercury	1803.01.13_TheDerbyMercury_0004
313	485	479	1803	01	20	TheDerbyMercury	1803.01.20_TheDerbyMercury_0002	1803	01	06	TheDerbyMercury	1803.01.06_TheDerbyMercury_0002
365	583	570	1803	01	20	TheDerbyMercury	1803.01.20_TheDerbyMercury_0002	1803	01	13	TheDerbyMercury	1803.01.13_TheDerbyMercury_0002
294	455	453	1803	01	20	TheDerbyMercury	1803.01.20_TheDerbyMercury_0003	1803	01	06	TheDerbyMercury	1803.01.06_TheDerbyMercury_0003
287	394	387	1803	01	20	TheDerbyMercury	1803.01.20_TheDerbyMercury_0003	1803	01	15	Jackson'sOxfordJournal	1803.01.15_Jackson'sOxfordJournal_0002
250	400	400	1803	01	20	TheDerbyMercury	1803.01.20_TheDerbyMercury_0003	1803	01	15	Jackson'sOxfordJournal	1803.01.15_Jackson'sOxfordJournal_0004
216	374	356	1803	01	20	TheDerbyMercury	1803.01.20_TheDerbyMercury_0003	1803	01	15	TheIpswichJournal	1803.01.15_TheIpswichJournal_0002
205	329	328	1803	01	20	TheDerbyMercury	1803.01.20_TheDerbyMercury_0003	1803	01	15	TheNewcastleCourantetc	1803.01.15_TheNewcastleCourantetc_0002
401	579	588	I:\BL_TXTS\1800s\1803\01\1803.01.20_TheDerbyMercury_0003.txt	I:\BL_TXTS\1800s\1803\01\1803.01.17_HampshireTelegraph&PortsmouthGazette_0004.txt
343	496	486	1803	01	20	TheDerbyMercury	1803.01.20_TheDerbyMercury_0004	1803	01	06	TheDerbyMercury	1803.01.06_TheDerbyMercury_0001
561	814	811	1803	01	20	TheDerbyMercury	1803.01.20_TheDerbyMercury_0004	1803	01	13	TheDerbyMercury	1803.01.13_TheDerbyMercury_0001
222	360	356	1803	01	20	Trewman'sExeterFlyingPost	1803.01.20_Trewman'sExeterFlyingPost_0002	1803	01	06	Trewman'sExeterFlyingPost	1803.01.06_Trewman'sExeterFlyingPost_0002
270	418	408	1803	01	20	Trewman'sExeterFlyingPost	1803.01.20_Trewman'sExeterFlyingPost_0002	1803	01	13	Trewman'sExeterFlyingPost	1803.01.13_Trewman'sExeterFlyingPost_0001
302	440	436	1803	01	20	Trewman'sExeterFlyingPost	1803.01.20_Trewman'sExeterFlyingPost_0002	1803	01	15	Jackson'sOxfordJournal	1803.01.15_Jackson'sOxfordJournal_0002
232	368	370	I:\BL_TXTS\1800s\1803\01\1803.01.20_Trewman'sExeterFlyingPost_0002.txt	I:\BL_TXTS\1800s\1803\01\1803.01.17_HampshireTelegraph&PortsmouthGazette_0004.txt
290	460	470	1803	01	20	Trewman'sExeterFlyingPost	1803.01.20_Trewman'sExeterFlyingPost_0002	1803	01	20	TheDerbyMercury	1803.01.20_TheDerbyMercury_0003
223	340	330	1803	01	20	Trewman'sExeterFlyingPost	1803.01.20_Trewman'sExeterFlyingPost_0003	1803	01	06	TheDerbyMercury	1803.01.06_TheDerbyMercury_0003
213	347	328	1803	01	20	Trewman'sExeterFlyingPost	1803.01.20_Trewman'sExeterFlyingPost_0003	1803	01	06	Trewman'sExeterFlyingPost	1803.01.06_Trewman'sExeterFlyingPost_0001
231	368	362	1803	01	20	Trewman'sExeterFlyingPost	1803.01.20_Trewman'sExeterFlyingPost_0003	1803	01	06	Trewman'sExeterFlyingPost	1803.01.06_Trewman'sExeterFlyingPost_0002
560	951	931	1803	01	20	Trewman'sExeterFlyingPost	1803.01.20_Trewman'sExeterFlyingPost_0003	1803	01	06	Trewman'sExeterFlyingPost	1803.01.06_Trewman'sExeterFlyingPost_0003
203	347	351	1803	01	20	Trewman'sExeterFlyingPost	1803.01.20_Trewman'sExeterFlyingPost_0003	1803	01	08	Jackson'sOxfordJournal	1803.01.08_Jackson'sOxfordJournal_0002
404	686	680	1803	01	20	Trewman'sExeterFlyingPost	1803.01.20_Trewman'sExeterFlyingPost_0003	1803	01	13	Trewman'sExeterFlyingPost	1803.01.13_Trewman'sExeterFlyingPost_0002
442	758	745	1803	01	20	Trewman'sExeterFlyingPost	1803.01.20_Trewman'sExeterFlyingPost_0003	1803	01	13	Trewman'sExeterFlyingPost	1803.01.13_Trewman'sExeterFlyingPost_0003
291	455	455	1803	01	22	Jackson'sOxfordJournal	1803.01.22_Jackson'sOxfordJournal_0001	1803	01	06	Trewman'sExeterFlyingPost	1803.01.06_Trewman'sExeterFlyingPost_0003
538	783	774	1803	01	22	Jackson'sOxfordJournal	1803.01.22_Jackson'sOxfordJournal_0001	1803	01	08	Jackson'sOxfordJournal	1803.01.08_Jackson'sOxfordJournal_0002
237	379	370	1803	01	22	Jackson'sOxfordJournal	1803.01.22_Jackson'sOxfordJournal_0001	1803	01	13	TheDerbyMercury	1803.01.13_TheDerbyMercury_0004
680	981	974	1803	01	22	Jackson'sOxfordJournal	1803.01.22_Jackson'sOxfordJournal_0001	1803	01	15	Jackson'sOxfordJournal	1803.01.15_Jackson'sOxfordJournal_0001
235	333	349	1803	01	22	Jackson'sOxfordJournal	1803.01.22_Jackson'sOxfordJournal_0001	1803	01	20	TheDerbyMercury	1803.01.20_TheDerbyMercury_0002
216	326	325	1803	01	22	Jackson'sOxfordJournal	1803.01.22_Jackson'sOxfordJournal_0002	1803	01	01	Jackson'sOxfordJournal	1803.01.01_Jackson'sOxfordJournal_0002
212	323	331	1803	01	22	Jackson'sOxfordJournal	1803.01.22_Jackson'sOxfordJournal_0002	1803	01	08	Jackson'sOxfordJournal	1803.01.08_Jackson'sOxfordJournal_0001
214	327	321	1803	01	22	Jackson'sOxfordJournal	1803.01.22_Jackson'sOxfordJournal_0002	1803	01	20	TheDerbyMercury	1803.01.20_TheDerbyMercury_0004
679	1016	1042	1803	01	22	Jackson'sOxfordJournal	1803.01.22_Jackson'sOxfordJournal_0003	1803	01	08	Jackson'sOxfordJournal	1803.01.08_Jackson'sOxfordJournal_0003
1190	1667	1681	1803	01	22	Jackson'sOxfordJournal	1803.01.22_Jackson'sOxfordJournal_0003	1803	01	15	Jackson'sOxfordJournal	1803.01.15_Jackson'sOxfordJournal_0003
288	427	428	1803	01	22	Jackson'sOxfordJournal	1803.01.22_Jackson'sOxfordJournal_0004	1803	01	08	Jackson'sOxfordJournal	1803.01.08_Jackson'sOxfordJournal_0001
203	330	331	1803	01	22	Jackson'sOxfordJournal	1803.01.22_Jackson'sOxfordJournal_0004	1803	01	08	Jackson'sOxfordJournal	1803.01.08_Jackson'sOxfordJournal_0004
204	317	310	1803	01	22	TheNewcastleCourantetc	1803.01.22_TheNewcastleCourantetc_0002	1803	01	15	Cobbett'sAnnualRegister	1803.01.15_Cobbett'sAnnualRegister_0009
620	914	938	1803	01	22	TheNewcastleCourantetc	1803.01.22_TheNewcastleCourantetc_0002	1803	01	20	TheDerbyMercury	1803.01.20_TheDerbyMercury_0002
217	364	364	1803	01	22	TheNewcastleCourantetc	1803.01.22_TheNewcastleCourantetc_0002	1803	01	20	Trewman'sExeterFlyingPost	1803.01.20_Trewman'sExeterFlyingPost_0001
213	347	337	1803	01	22	TheNewcastleCourantetc	1803.01.22_TheNewcastleCourantetc_0002	1803	01	22	Jackson'sOxfordJournal	1803.01.22_Jackson'sOxfordJournal_0001
217	373	378	1803	01	22	TheNewcastleCourantetc	1803.01.22_TheNewcastleCourantetc_0003	1803	01	08	TheNewcastleCourantetc	1803.01.08_TheNewcastleCourantetc_0001
246	437	427	1803	01	22	TheNewcastleCourantetc	1803.01.22_TheNewcastleCourantetc_0003	1803	01	15	Jackson'sOxfordJournal	1803.01.15_Jackson'sOxfordJournal_0004
212	350	350	1803	01	22	TheNewcastleCourantetc	1803.01.22_TheNewcastleCourantetc_0003	1803	01	15	TheIpswichJournal	1803.01.15_TheIpswichJournal_0001
221	379	370	1803	01	22	TheNewcastleCourantetc	1803.01.22_TheNewcastleCourantetc_0003	1803	01	15	TheNewcastleCourantetc	1803.01.15_TheNewcastleCourantetc_0001
332	554	553	1803	01	22	TheNewcastleCourantetc	1803.01.22_TheNewcastleCourantetc_0003	1803	01	15	TheNewcastleCourantetc	1803.01.15_TheNewcastleCourantetc_0003
272	468	475	1803	01	22	TheNewcastleCourantetc	1803.01.22_TheNewcastleCourantetc_0003	1803	01	20	TheDerbyMercury	1803.01.20_TheDerbyMercury_0003
310	486	489	I:\BL_TXTS\1800s\1803\01\1803.01.24_HampshireTelegraph&PortsmouthGazette_0001.txt	I:\BL_TXTS\1800s\1803\01\1803.01.10_HampshireTelegraph&PortsmouthGazette_0001.txt
484	767	764	I:\BL_TXTS\1800s\1803\01\1803.01.24_HampshireTelegraph&PortsmouthGazette_0001.txt	I:\BL_TXTS\1800s\1803\01\1803.01.17_HampshireTelegraph&PortsmouthGazette_0001.txt
208	342	322	I:\BL_TXTS\1800s\1803\01\1803.01.24_HampshireTelegraph&PortsmouthGazette_0002.txt	I:\BL_TXTS\1800s\1803\01\1803.01.15_Cobbett'sAnnualRegister_0009.txt
383	624	628	I:\BL_TXTS\1800s\1803\01\1803.01.24_HampshireTelegraph&PortsmouthGazette_0002.txt	I:\BL_TXTS\1800s\1803\01\1803.01.22_TheNewcastleCourantetc_0002.txt
561	860	849	I:\BL_TXTS\1800s\1803\01\1803.01.24_HampshireTelegraph&PortsmouthGazette_0004.txt	I:\BL_TXTS\1800s\1803\01\1803.01.03_HampshireTelegraph&PortsmouthGazette_0004.txt
319	476	482	I:\BL_TXTS\1800s\1803\01\1803.01.24_HampshireTelegraph&PortsmouthGazette_0004.txt	I:\BL_TXTS\1800s\1803\01\1803.01.05_TheAberdeenJournal_0002.txt
319	437	455	I:\BL_TXTS\1800s\1803\01\1803.01.24_HampshireTelegraph&PortsmouthGazette_0004.txt	I:\BL_TXTS\1800s\1803\01\1803.01.06_TheDerbyMercury_0003.txt
237	359	356	I:\BL_TXTS\1800s\1803\01\1803.01.24_HampshireTelegraph&PortsmouthGazette_0004.txt	I:\BL_TXTS\1800s\1803\01\1803.01.10_HampshireTelegraph&PortsmouthGazette_0004.txt
708	1044	1086	I:\BL_TXTS\1800s\1803\01\1803.01.24_HampshireTelegraph&PortsmouthGazette_0004.txt	I:\BL_TXTS\1800s\1803\01\1803.01.17_HampshireTelegraph&PortsmouthGazette_0004.txt
224	382	393	I:\BL_TXTS\1800s\1803\01\1803.01.24_HampshireTelegraph&PortsmouthGazette_0004.txt	I:\BL_TXTS\1800s\1803\01\1803.01.19_TheAberdeenJournal_0001.txt
217	339	339	I:\BL_TXTS\1800s\1803\01\1803.01.24_HampshireTelegraph&PortsmouthGazette_0004.txt	I:\BL_TXTS\1800s\1803\01\1803.01.20_TheDerbyMercury_0004.txt
470	666	661	I:\BL_TXTS\1800s\1803\01\1803.01.24_HampshireTelegraph&PortsmouthGazette_0004.txt	I:\BL_TXTS\1800s\1803\01\1803.01.22_Jackson'sOxfordJournal_0002.txt
351	527	517	I:\BL_TXTS\1800s\1803\01\1803.01.24_HampshireTelegraph&PortsmouthGazette_0004.txt	I:\BL_TXTS\1800s\1803\01\1803.01.22_Jackson'sOxfordJournal_0004.txt
277	464	468	1803	01	25	TheHullPacket	1803.01.25_TheHullPacket_0002	1803	01	18	TheHullPacket	1803.01.18_TheHullPacket_0002
466	719	724	1803	01	25	TheHullPacket	1803.01.25_TheHullPacket_0004	1803	01	15	Jackson'sOxfordJournal	1803.01.15_Jackson'sOxfordJournal_0004
235	359	368	1803	01	25	TheHullPacket	1803.01.25_TheHullPacket_0004	1803	01	22	Jackson'sOxfordJournal	1803.01.22_Jackson'sOxfordJournal_0002
350	593	582	1803	01	26	TheAberdeenJournal	1803.01.26_TheAberdeenJournal_0001	1803	01	05	TheAberdeenJournal	1803.01.05_TheAberdeenJournal_0002
415	715	703	1803	01	26	TheAberdeenJournal	1803.01.26_TheAberdeenJournal_0001	1803	01	19	TheAberdeenJournal	1803.01.19_TheAberdeenJournal_0001
205	352	348	I:\BL_TXTS\1800s\1803\01\1803.01.26_TheAberdeenJournal_0001.txt	I:\BL_TXTS\1800s\1803\01\1803.01.24_HampshireTelegraph&PortsmouthGazette_0004.txt
240	372	374	1803	01	26	TheAberdeenJournal	1803.01.26_TheAberdeenJournal_0002	1803	01	20	Trewman'sExeterFlyingPost	1803.01.20_Trewman'sExeterFlyingPost_0001
292	446	443	1803	01	26	TheAberdeenJournal	1803.01.26_TheAberdeenJournal_0002	1803	01	22	TheNewcastleCourantetc	1803.01.22_TheNewcastleCourantetc_0002
311	498	495	I:\BL_TXTS\1800s\1803\01\1803.01.26_TheAberdeenJournal_0002.txt	I:\BL_TXTS\1800s\1803\01\1803.01.24_HampshireTelegraph&PortsmouthGazette_0002.txt
316	513	505	1803	01	27	TheDerbyMercury	1803.01.27_TheDerbyMercury_0001	1803	01	06	TheDerbyMercury	1803.01.06_TheDerbyMercury_0004
382	651	652	1803	01	27	TheDerbyMercury	1803.01.27_TheDerbyMercury_0001	1803	01	13	TheDerbyMercury	1803.01.13_TheDerbyMercury_0001
879	1403	1404	1803	01	27	TheDerbyMercury	1803.01.27_TheDerbyMercury_0001	1803	01	20	TheDerbyMercury	1803.01.20_TheDerbyMercury_0001
345	504	501	1803	01	27	TheDerbyMercury	1803.01.27_TheDerbyMercury_0001	1803	01	20	TheDerbyMercury	1803.01.20_TheDerbyMercury_0004
200	320	320	1803	01	27	TheDerbyMercury	1803.01.27_TheDerbyMercury_0002	1803	01	06	TheDerbyMercury	1803.01.06_TheDerbyMercury_0002
265	435	424	1803	01	27	TheDerbyMercury	1803.01.27_TheDerbyMercury_0002	1803	01	13	TheDerbyMercury	1803.01.13_TheDerbyMercury_0002
289	459	460	1803	01	27	TheDerbyMercury	1803.01.27_TheDerbyMercury_0002	1803	01	20	TheDerbyMercury	1803.01.20_TheDerbyMercury_0002
372	554	534	1803	01	27	TheDerbyMercury	1803.01.27_TheDerbyMercury_0003	1803	01	22	Jackson'sOxfordJournal	1803.01.22_Jackson'sOxfordJournal_0002
211	339	332	1803	01	27	TheDerbyMercury	1803.01.27_TheDerbyMercury_0003	1803	01	22	TheNewcastleCourantetc	1803.01.22_TheNewcastleCourantetc_0003
218	359	341	1803	01	27	Trewman'sExeterFlyingPost	1803.01.27_Trewman'sExeterFlyingPost_0001	1803	01	22	Jackson'sOxfordJournal	1803.01.22_Jackson'sOxfordJournal_0002
388	612	615	1803	01	27	Trewman'sExeterFlyingPost	1803.01.27_Trewman'sExeterFlyingPost_0002	1803	01	22	Jackson'sOxfordJournal	1803.01.22_Jackson'sOxfordJournal_0002
349	558	584	1803	01	27	Trewman'sExeterFlyingPost	1803.01.27_Trewman'sExeterFlyingPost_0002	1803	01	27	TheDerbyMercury	1803.01.27_TheDerbyMercury_0003
322	521	515	1803	01	27	Trewman'sExeterFlyingPost	1803.01.27_Trewman'sExeterFlyingPost_0003	1803	01	06	TheDerbyMercury	1803.01.06_TheDerbyMercury_0003
244	380	357	1803	01	27	Trewman'sExeterFlyingPost	1803.01.27_Trewman'sExeterFlyingPost_0003	1803	01	08	Jackson'sOxfordJournal	1803.01.08_Jackson'sOxfordJournal_0001
259	406	417	1803	01	27	Trewman'sExeterFlyingPost	1803.01.27_Trewman'sExeterFlyingPost_0003	1803	01	13	TheDerbyMercury	1803.01.13_TheDerbyMercury_0003
344	604	609	1803	01	27	Trewman'sExeterFlyingPost	1803.01.27_Trewman'sExeterFlyingPost_0003	1803	01	13	Trewman'sExeterFlyingPost	1803.01.13_Trewman'sExeterFlyingPost_0003
242	420	400	1803	01	27	Trewman'sExeterFlyingPost	1803.01.27_Trewman'sExeterFlyingPost_0003	1803	01	20	Trewman'sExeterFlyingPost	1803.01.20_Trewman'sExeterFlyingPost_0001
325	543	546	1803	01	27	Trewman'sExeterFlyingPost	1803.01.27_Trewman'sExeterFlyingPost_0003	1803	01	20	Trewman'sExeterFlyingPost	1803.01.20_Trewman'sExeterFlyingPost_0003
233	413	405	1803	01	27	Trewman'sExeterFlyingPost	1803.01.27_Trewman'sExeterFlyingPost_0003	1803	01	22	TheNewcastleCourantetc	1803.01.22_TheNewcastleCourantetc_0003
207	334	315	1803	01	29	Jackson'sOxfordJournal	1803.01.29_Jackson'sOxfordJournal_0001	1803	01	01	Jackson'sOxfordJournal	1803.01.01_Jackson'sOxfordJournal_0002
209	285	301	1803	01	29	Jackson'sOxfordJournal	1803.01.29_Jackson'sOxfordJournal_0001	1803	01	08	Jackson'sOxfordJournal	1803.01.08_Jackson'sOxfordJournal_0003
404	583	586	1803	01	29	Jackson'sOxfordJournal	1803.01.29_Jackson'sOxfordJournal_0001	1803	01	15	Jackson'sOxfordJournal	1803.01.15_Jackson'sOxfordJournal_0001
227	369	377	1803	01	29	Jackson'sOxfordJournal	1803.01.29_Jackson'sOxfordJournal_0001	1803	01	27	TheDerbyMercury	1803.01.27_TheDerbyMercury_0004
213	312	326	1803	01	29	Jackson'sOxfordJournal	1803.01.29_Jackson'sOxfordJournal_0003	1803	01	01	Jackson'sOxfordJournal	1803.01.01_Jackson'sOxfordJournal_0003
394	520	537	1803	01	29	Jackson'sOxfordJournal	1803.01.29_Jackson'sOxfordJournal_0003	1803	01	08	Jackson'sOxfordJournal	1803.01.08_Jackson'sOxfordJournal_0003
631	831	835	1803	01	29	Jackson'sOxfordJournal	1803.01.29_Jackson'sOxfordJournal_0003	1803	01	15	Jackson'sOxfordJournal	1803.01.15_Jackson'sOxfordJournal_0003
1100	1468	1473	1803	01	29	Jackson'sOxfordJournal	1803.01.29_Jackson'sOxfordJournal_0003	1803	01	22	Jackson'sOxfordJournal	1803.01.22_Jackson'sOxfordJournal_0003
517	817	815	1803	01	29	Jackson'sOxfordJournal	1803.01.29_Jackson'sOxfordJournal_0004	1803	01	25	TheHullPacket	1803.01.25_TheHullPacket_0003
224	340	361	1803	01	29	Jackson'sOxfordJournal	1803.01.29_Jackson'sOxfordJournal_0004	1803	01	27	Trewman'sExeterFlyingPost	1803.01.27_Trewman'sExeterFlyingPost_0001
222	377	372	1803	01	29	TheNewcastleCourantetc	1803.01.29_TheNewcastleCourantetc_0002	1803	01	29	Jackson'sOxfordJournal	1803.01.29_Jackson'sOxfordJournal_0004
282	455	456	1803	01	29	TheNewcastleCourantetc	1803.01.29_TheNewcastleCourantetc_0003	1803	01	06	TheDerbyMercury	1803.01.06_TheDerbyMercury_0003
237	401	389	1803	01	29	TheNewcastleCourantetc	1803.01.29_TheNewcastleCourantetc_0003	1803	01	08	TheNewcastleCourantetc	1803.01.08_TheNewcastleCourantetc_0003
308	522	521	1803	01	29	TheNewcastleCourantetc	1803.01.29_TheNewcastleCourantetc_0003	1803	01	22	TheNewcastleCourantetc	1803.01.22_TheNewcastleCourantetc_0001
553	905	899	1803	01	29	TheNewcastleCourantetc	1803.01.29_TheNewcastleCourantetc_0003	1803	01	22	TheNewcastleCourantetc	1803.01.22_TheNewcastleCourantetc_0003
424	719	733	1803	01	29	TheNewcastleCourantetc	1803.01.29_TheNewcastleCourantetc_0004	1803	01	29	Jackson'sOxfordJournal	1803.01.29_Jackson'sOxfordJournal_0001
302	464	440	I:\BL_TXTS\1800s\1803\01\1803.01.31_HampshireTelegraph&PortsmouthGazette_0001.txt	I:\BL_TXTS\1800s\1803\01\1803.01.24_HampshireTelegraph&PortsmouthGazette_0001.txt
203	300	301	I:\BL_TXTS\1800s\1803\01\1803.01.31_HampshireTelegraph&PortsmouthGazette_0002.txt	I:\BL_TXTS\1800s\1803\01\1803.01.06_TheDerbyMercury_0003.txt
270	405	407	I:\BL_TXTS\1800s\1803\01\1803.01.31_HampshireTelegraph&PortsmouthGazette_0002.txt	I:\BL_TXTS\1800s\1803\01\1803.01.24_HampshireTelegraph&PortsmouthGazette_0004.txt
349	475	464	I:\BL_TXTS\1800s\1803\01\1803.01.31_HampshireTelegraph&PortsmouthGazette_0002.txt	I:\BL_TXTS\1800s\1803\01\1803.01.29_Jackson'sOxfordJournal_0002.txt
227	377	391	I:\BL_TXTS\1800s\1803\01\1803.01.31_HampshireTelegraph&PortsmouthGazette_0004.txt	I:\BL_TXTS\1800s\1803\01\1803.01.29_Jackson'sOxfordJournal_0004.txt
353	605	574	1803	02	01	TheHullPacket	1803.02.01_TheHullPacket_0001	1803	01	25	TheHullPacket	1803.01.25_TheHullPacket_0001
276	483	470	1803	02	01	TheHullPacket	1803.02.01_TheHullPacket_0002	1803	01	18	TheHullPacket	1803.01.18_TheHullPacket_0002
399	677	669	1803	02	01	TheHullPacket	1803.02.01_TheHullPacket_0002	1803	01	25	TheHullPacket	1803.01.25_TheHullPacket_0002
202	315	298	1803	02	01	TheHullPacket	1803.02.01_TheHullPacket_0004	1803	01	29	Jackson'sOxfordJournal	1803.01.29_Jackson'sOxfordJournal_0001
217	295	304	1803	02	02	TheAberdeenJournal	1803.02.02_TheAberdeenJournal_0001	1803	01	26	TheAberdeenJournal	1803.01.26_TheAberdeenJournal_0001
499	812	813	1803	02	02	TheAberdeenJournal	1803.02.02_TheAberdeenJournal_0001	1803	01	26	TheAberdeenJournal	1803.01.26_TheAberdeenJournal_0004
378	633	608	1803	02	02	TheAberdeenJournal	1803.02.02_TheAberdeenJournal_0002	1803	01	29	Jackson'sOxfordJournal	1803.01.29_Jackson'sOxfordJournal_0001
219	361	351	1803	02	02	TheAberdeenJournal	1803.02.02_TheAberdeenJournal_0002	1803	01	29	TheNewcastleCourantetc	1803.01.29_TheNewcastleCourantetc_0004
202	329	324	1803	02	02	TheAberdeenJournal	1803.02.02_TheAberdeenJournal_0004	1803	01	19	TheAberdeenJournal	1803.01.19_TheAberdeenJournal_0001
333	492	479	1803	02	03	TheDerbyMercury	1803.02.03_TheDerbyMercury_0001	1803	01	13	TheDerbyMercury	1803.01.13_TheDerbyMercury_0004
541	792	788	1803	02	03	TheDerbyMercury	1803.02.03_TheDerbyMercury_0001	1803	01	20	TheDerbyMercury	1803.01.20_TheDerbyMercury_0001
317	471	467	1803	02	03	TheDerbyMercury	1803.02.03_TheDerbyMercury_0001	1803	01	20	TheDerbyMercury	1803.01.20_TheDerbyMercury_0004
871	1379	1374	1803	02	03	TheDerbyMercury	1803.02.03_TheDerbyMercury_0001	1803	01	27	TheDerbyMercury	1803.01.27_TheDerbyMercury_0001
609	843	869	1803	02	03	TheDerbyMercury	1803.02.03_TheDerbyMercury_0001	1803	01	27	TheDerbyMercury	1803.01.27_TheDerbyMercury_0004
227	363	379	1803	02	03	TheDerbyMercury	1803.02.03_TheDerbyMercury_0002	1803	01	06	TheDerbyMercury	1803.01.06_TheDerbyMercury_0004
225	372	375	1803	02	03	TheDerbyMercury	1803.02.03_TheDerbyMercury_0002	1803	01	13	TheDerbyMercury	1803.01.13_TheDerbyMercury_0001
353	578	580	1803	02	03	TheDerbyMercury	1803.02.03_TheDerbyMercury_0002	1803	01	20	TheDerbyMercury	1803.01.20_TheDerbyMercury_0001
357	518	543	1803	02	03	TheDerbyMercury	1803.02.03_TheDerbyMercury_0003	1803	01	20	TheDerbyMercury	1803.01.20_TheDerbyMercury_0001
386	663	638	1803	02	03	TheDerbyMercury	1803.02.03_TheDerbyMercury_0004	1803	01	06	TheDerbyMercury	1803.01.06_TheDerbyMercury_0002
270	396	404	1803	02	03	TheDerbyMercury	1803.02.03_TheDerbyMercury_0004	1803	01	06	TheDerbyMercury	1803.01.06_TheDerbyMercury_0003
485	830	801	1803	02	03	TheDerbyMercury	1803.02.03_TheDerbyMercury_0004	1803	01	13	TheDerbyMercury	1803.01.13_TheDerbyMercury_0002
580	924	918	1803	02	03	TheDerbyMercury	1803.02.03_TheDerbyMercury_0004	1803	01	20	TheDerbyMercury	1803.01.20_TheDerbyMercury_0002
428	659	650	1803	02	03	TheDerbyMercury	1803.02.03_TheDerbyMercury_0004	1803	01	20	TheDerbyMercury	1803.01.20_TheDerbyMercury_0003
224	333	332	1803	02	03	TheDerbyMercury	1803.02.03_TheDerbyMercury_0004	1803	01	27	TheDerbyMercury	1803.01.27_TheDerbyMercury_0002
398	633	640	1803	02	03	Trewman'sExeterFlyingPost	1803.02.03_Trewman'sExeterFlyingPost_0003	1803	01	06	Trewman'sExeterFlyingPost	1803.01.06_Trewman'sExeterFlyingPost_0003
211	368	352	1803	02	03	Trewman'sExeterFlyingPost	1803.02.03_Trewman'sExeterFlyingPost_0003	1803	01	20	Trewman'sExeterFlyingPost	1803.01.20_Trewman'sExeterFlyingPost_0001
472	850	855	1803	02	03	Trewman'sExeterFlyingPost	1803.02.03_Trewman'sExeterFlyingPost_0003	1803	01	27	Trewman'sExeterFlyingPost	1803.01.27_Trewman'sExeterFlyingPost_0003
324	434	438	1803	02	05	Jackson'sOxfordJournal	1803.02.05_Jackson'sOxfordJournal_0001	1803	01	08	Jackson'sOxfordJournal	1803.01.08_Jackson'sOxfordJournal_0001
380	501	501	1803	02	05	Jackson'sOxfordJournal	1803.02.05_Jackson'sOxfordJournal_0001	1803	01	15	Jackson'sOxfordJournal	1803.01.15_Jackson'sOxfordJournal_0001
217	340	349	1803	02	05	Jackson'sOxfordJournal	1803.02.05_Jackson'sOxfordJournal_0001	1803	01	22	Jackson'sOxfordJournal	1803.01.22_Jackson'sOxfordJournal_0001
225	348	358	1803	02	05	Jackson'sOxfordJournal	1803.02.05_Jackson'sOxfordJournal_0001	1803	01	27	Trewman'sExeterFlyingPost	1803.01.27_Trewman'sExeterFlyingPost_0003
488	721	721	1803	02	05	Jackson'sOxfordJournal	1803.02.05_Jackson'sOxfordJournal_0001	1803	01	29	Jackson'sOxfordJournal	1803.01.29_Jackson'sOxfordJournal_0001
606	854	871	1803	02	05	Jackson'sOxfordJournal	1803.02.05_Jackson'sOxfordJournal_0001	1803	01	29	Jackson'sOxfordJournal	1803.01.29_Jackson'sOxfordJournal_0002
239	327	321	1803	02	05	Jackson'sOxfordJournal	1803.02.05_Jackson'sOxfordJournal_0001	1803	01	29	Jackson'sOxfordJournal	1803.01.29_Jackson'sOxfordJournal_0003
205	275	266	1803	02	05	Jackson'sOxfordJournal	1803.02.05_Jackson'sOxfordJournal_0002	1803	01	01	Jackson'sOxfordJournal	1803.01.01_Jackson'sOxfordJournal_0002
299	468	454	1803	02	05	Jackson'sOxfordJournal	1803.02.05_Jackson'sOxfordJournal_0003	1803	01	22	Jackson'sOxfordJournal	1803.01.22_Jackson'sOxfordJournal_0003
1171	1750	1719	1803	02	05	Jackson'sOxfordJournal	1803.02.05_Jackson'sOxfordJournal_0003	1803	01	29	Jackson'sOxfordJournal	1803.01.29_Jackson'sOxfordJournal_0003
234	371	363	1803	02	05	Jackson'sOxfordJournal	1803.02.05_Jackson'sOxfordJournal_0004	1803	01	01	Jackson'sOxfordJournal	1803.01.01_Jackson'sOxfordJournal_0004
229	356	353	1803	02	05	Jackson'sOxfordJournal	1803.02.05_Jackson'sOxfordJournal_0004	1803	01	22	Jackson'sOxfordJournal	1803.01.22_Jackson'sOxfordJournal_0004
232	365	356	I:\BL_TXTS\1800s\1803\02\1803.02.05_Jackson'sOxfordJournal_0004.txt	I:\BL_TXTS\1800s\1803\01\1803.01.31_HampshireTelegraph&PortsmouthGazette_0003.txt
212	348	361	1803	02	05	TheNewcastleCourantetc	1803.02.05_TheNewcastleCourantetc_0003	1803	01	05	TheAberdeenJournal	1803.01.05_TheAberdeenJournal_0002
274	486	474	1803	02	05	TheNewcastleCourantetc	1803.02.05_TheNewcastleCourantetc_0003	1803	01	08	TheNewcastleCourantetc	1803.01.08_TheNewcastleCourantetc_0003
212	339	341	1803	02	05	TheNewcastleCourantetc	1803.02.05_TheNewcastleCourantetc_0003	1803	01	15	TheIpswichJournal	1803.01.15_TheIpswichJournal_0001
374	629	640	1803	02	05	TheNewcastleCourantetc	1803.02.05_TheNewcastleCourantetc_0003	1803	01	15	TheNewcastleCourantetc	1803.01.15_TheNewcastleCourantetc_0003
207	336	339	1803	02	05	TheNewcastleCourantetc	1803.02.05_TheNewcastleCourantetc_0003	1803	01	22	TheNewcastleCourantetc	1803.01.22_TheNewcastleCourantetc_0003
212	370	387	1803	02	05	TheNewcastleCourantetc	1803.02.05_TheNewcastleCourantetc_0003	1803	01	26	TheAberdeenJournal	1803.01.26_TheAberdeenJournal_0001
306	493	504	1803	02	05	TheNewcastleCourantetc	1803.02.05_TheNewcastleCourantetc_0003	1803	01	27	TheDerbyMercury	1803.01.27_TheDerbyMercury_0003
302	507	507	1803	02	05	TheNewcastleCourantetc	1803.02.05_TheNewcastleCourantetc_0003	1803	01	29	TheNewcastleCourantetc	1803.01.29_TheNewcastleCourantetc_0003
254	418	415	I:\BL_TXTS\1800s\1803\02\1803.02.07_HampshireTelegraph&PortsmouthGazette_0001.txt	I:\BL_TXTS\1800s\1803\01\1803.01.03_HampshireTelegraph&PortsmouthGazette_0004.txt
271	450	451	I:\BL_TXTS\1800s\1803\02\1803.02.07_HampshireTelegraph&PortsmouthGazette_0001.txt	I:\BL_TXTS\1800s\1803\01\1803.01.24_HampshireTelegraph&PortsmouthGazette_0001.txt
300	511	518	I:\BL_TXTS\1800s\1803\02\1803.02.07_HampshireTelegraph&PortsmouthGazette_0001.txt	I:\BL_TXTS\1800s\1803\01\1803.01.31_HampshireTelegraph&PortsmouthGazette_0001.txt
220	343	347	I:\BL_TXTS\1800s\1803\02\1803.02.07_HampshireTelegraph&PortsmouthGazette_0004.txt	I:\BL_TXTS\1800s\1803\01\1803.01.06_TheDerbyMercury_0003.txt
356	537	531	I:\BL_TXTS\1800s\1803\02\1803.02.07_HampshireTelegraph&PortsmouthGazette_0004.txt	I:\BL_TXTS\1800s\1803\01\1803.01.24_HampshireTelegraph&PortsmouthGazette_0004.txt
269	445	435	1803	02	08	TheHullPacket	1803.02.08_TheHullPacket_0001	1803	01	11	TheHullPacket	1803.01.11_TheHullPacket_0001
262	447	428	1803	02	08	TheHullPacket	1803.02.08_TheHullPacket_0001	1803	01	25	TheHullPacket	1803.01.25_TheHullPacket_0001
323	539	545	1803	02	09	TheAberdeenJournal	1803.02.09_TheAberdeenJournal_0001	1803	01	26	TheAberdeenJournal	1803.01.26_TheAberdeenJournal_0001
551	859	841	1803	02	09	TheAberdeenJournal	1803.02.09_TheAberdeenJournal_0001	1803	01	26	TheAberdeenJournal	1803.01.26_TheAberdeenJournal_0004
204	336	323	I:\BL_TXTS\1800s\1803\02\1803.02.09_TheAberdeenJournal_0003.txt	I:\BL_TXTS\1800s\1803\01\1803.01.31_HampshireTelegraph&PortsmouthGazette_0003.txt
247	368	375	1803	02	10	TheDerbyMercury	1803.02.10_TheDerbyMercury_0001	1803	01	20	TheDerbyMercury	1803.01.20_TheDerbyMercury_0001
233	387	389	1803	02	10	TheDerbyMercury	1803.02.10_TheDerbyMercury_0001	1803	01	27	TheDerbyMercury	1803.01.27_TheDerbyMercury_0001
235	382	385	1803	02	10	TheDerbyMercury	1803.02.10_TheDerbyMercury_0001	1803	01	27	TheDerbyMercury	1803.01.27_TheDerbyMercury_0004
257	431	423	1803	02	10	TheDerbyMercury	1803.02.10_TheDerbyMercury_0004	1803	01	06	TheDerbyMercury	1803.01.06_TheDerbyMercury_0002
248	409	402	1803	02	10	TheDerbyMercury	1803.02.10_TheDerbyMercury_0004	1803	01	13	TheDerbyMercury	1803.01.13_TheDerbyMercury_0002
232	384	387	1803	02	10	TheDerbyMercury	1803.02.10_TheDerbyMercury_0004	1803	01	20	TheDerbyMercury	1803.01.20_TheDerbyMercury_0002
311	473	467	1803	02	10	TheDerbyMercury	1803.02.10_TheDerbyMercury_0004	1803	01	27	TheDerbyMercury	1803.01.27_TheDerbyMercury_0003
210	327	310	1803	02	10	Trewman'sExeterFlyingPost	1803.02.10_Trewman'sExeterFlyingPost_0002	1803	01	06	Trewman'sExeterFlyingPost	1803.01.06_Trewman'sExeterFlyingPost_0002
226	330	331	1803	02	10	Trewman'sExeterFlyingPost	1803.02.10_Trewman'sExeterFlyingPost_0002	1803	01	13	Trewman'sExeterFlyingPost	1803.01.13_Trewman'sExeterFlyingPost_0001
299	521	537	1803	02	10	Trewman'sExeterFlyingPost	1803.02.10_Trewman'sExeterFlyingPost_0002	1803	01	13	Trewman'sExeterFlyingPost	1803.01.13_Trewman'sExeterFlyingPost_0003
297	515	494	1803	02	10	Trewman'sExeterFlyingPost	1803.02.10_Trewman'sExeterFlyingPost_0002	1803	01	20	Trewman'sExeterFlyingPost	1803.01.20_Trewman'sExeterFlyingPost_0001
272	417	415	1803	02	10	Trewman'sExeterFlyingPost	1803.02.10_Trewman'sExeterFlyingPost_0002	1803	01	20	Trewman'sExeterFlyingPost	1803.01.20_Trewman'sExeterFlyingPost_0003
527	873	890	1803	02	10	Trewman'sExeterFlyingPost	1803.02.10_Trewman'sExeterFlyingPost_0002	1803	01	27	Trewman'sExeterFlyingPost	1803.01.27_Trewman'sExeterFlyingPost_0003
373	579	562	1803	02	10	Trewman'sExeterFlyingPost	1803.02.10_Trewman'sExeterFlyingPost_0003	1803	01	06	TheDerbyMercury	1803.01.06_TheDerbyMercury_0003
406	606	578	1803	02	10	Trewman'sExeterFlyingPost	1803.02.10_Trewman'sExeterFlyingPost_0003	1803	01	08	Jackson'sOxfordJournal	1803.01.08_Jackson'sOxfordJournal_0001
301	532	522	1803	02	10	Trewman'sExeterFlyingPost	1803.02.10_Trewman'sExeterFlyingPost_0003	1803	01	13	Trewman'sExeterFlyingPost	1803.01.13_Trewman'sExeterFlyingPost_0003
275	429	416	1803	02	10	Trewman'sExeterFlyingPost	1803.02.10_Trewman'sExeterFlyingPost_0003	1803	01	15	TheIpswichJournal	1803.01.15_TheIpswichJournal_0001
203	343	337	1803	02	10	Trewman'sExeterFlyingPost	1803.02.10_Trewman'sExeterFlyingPost_0003	1803	01	20	Trewman'sExeterFlyingPost	1803.01.20_Trewman'sExeterFlyingPost_0003
519	867	864	1803	02	10	Trewman'sExeterFlyingPost	1803.02.10_Trewman'sExeterFlyingPost_0003	1803	01	27	Trewman'sExeterFlyingPost	1803.01.27_Trewman'sExeterFlyingPost_0003
243	357	368	1803	02	12	Jackson'sOxfordJournal	1803.02.12_Jackson'sOxfordJournal_0001	1803	01	08	Jackson'sOxfordJournal	1803.01.08_Jackson'sOxfordJournal_0003
304	467	470	1803	02	12	Jackson'sOxfordJournal	1803.02.12_Jackson'sOxfordJournal_0001	1803	01	15	Jackson'sOxfordJournal	1803.01.15_Jackson'sOxfordJournal_0001
255	381	371	1803	02	12	Jackson'sOxfordJournal	1803.02.12_Jackson'sOxfordJournal_0001	1803	01	15	Jackson'sOxfordJournal	1803.01.15_Jackson'sOxfordJournal_0003
226	331	335	1803	02	12	Jackson'sOxfordJournal	1803.02.12_Jackson'sOxfordJournal_0001	1803	01	29	Jackson'sOxfordJournal	1803.01.29_Jackson'sOxfordJournal_0001
378	575	548	1803	02	12	Jackson'sOxfordJournal	1803.02.12_Jackson'sOxfordJournal_0001	1803	01	29	Jackson'sOxfordJournal	1803.01.29_Jackson'sOxfordJournal_0003
828	1218	1217	1803	02	12	Jackson'sOxfordJournal	1803.02.12_Jackson'sOxfordJournal_0003	1803	01	29	Jackson'sOxfordJournal	1803.01.29_Jackson'sOxfordJournal_0003
251	421	427	1803	02	12	TheNewcastleCourantetc	1803.02.12_TheNewcastleCourantetc_0003	1803	01	22	TheNewcastleCourantetc	1803.01.22_TheNewcastleCourantetc_0003
278	451	445	I:\BL_TXTS\1800s\1803\02\1803.02.14_HampshireTelegraph&PortsmouthGazette_0001.txt	I:\BL_TXTS\1800s\1803\01\1803.01.24_HampshireTelegraph&PortsmouthGazette_0001.txt
279	483	485	I:\BL_TXTS\1800s\1803\02\1803.02.14_HampshireTelegraph&PortsmouthGazette_0001.txt	I:\BL_TXTS\1800s\1803\01\1803.01.31_HampshireTelegraph&PortsmouthGazette_0001.txt
386	595	569	1803	02	17	TheDerbyMercury	1803.02.17_TheDerbyMercury_0001	1803	01	20	TheDerbyMercury	1803.01.20_TheDerbyMercury_0001
293	449	472	1803	02	17	TheDerbyMercury	1803.02.17_TheDerbyMercury_0001	1803	01	27	TheDerbyMercury	1803.01.27_TheDerbyMercury_0001
220	340	345	1803	02	17	TheDerbyMercury	1803.02.17_TheDerbyMercury_0001	1803	01	27	TheDerbyMercury	1803.01.27_TheDerbyMercury_0004
232	401	410	1803	02	17	TheDerbyMercury	1803.02.17_TheDerbyMercury_0002	1803	01	13	TheDerbyMercury	1803.01.13_TheDerbyMercury_0003
413	627	640	1803	02	17	TheDerbyMercury	1803.02.17_TheDerbyMercury_0002	1803	01	20	TheDerbyMercury	1803.01.20_TheDerbyMercury_0003
203	302	317	1803	02	17	TheDerbyMercury	1803.02.17_TheDerbyMercury_0004	1803	01	27	TheDerbyMercury	1803.01.27_TheDerbyMercury_0003
223	365	339	1803	02	17	Trewman'sExeterFlyingPost	1803.02.17_Trewman'sExeterFlyingPost_0003	1803	01	06	TheDerbyMercury	1803.01.06_TheDerbyMercury_0003
728	1190	1150	1803	02	17	Trewman'sExeterFlyingPost	1803.02.17_Trewman'sExeterFlyingPost_0003	1803	01	20	Trewman'sExeterFlyingPost	1803.01.20_Trewman'sExeterFlyingPost_0003
578	983	960	1803	02	17	Trewman'sExeterFlyingPost	1803.02.17_Trewman'sExeterFlyingPost_0003	1803	01	27	Trewman'sExeterFlyingPost	1803.01.27_Trewman'sExeterFlyingPost_0003
310	443	439	1803	02	19	Jackson'sOxfordJournal	1803.02.19_Jackson'sOxfordJournal_0001	1803	01	01	Jackson'sOxfordJournal	1803.01.01_Jackson'sOxfordJournal_0002
285	395	401	1803	02	19	Jackson'sOxfordJournal	1803.02.19_Jackson'sOxfordJournal_0001	1803	01	08	Jackson'sOxfordJournal	1803.01.08_Jackson'sOxfordJournal_0001
490	698	690	1803	02	19	Jackson'sOxfordJournal	1803.02.19_Jackson'sOxfordJournal_0001	1803	01	15	Jackson'sOxfordJournal	1803.01.15_Jackson'sOxfordJournal_0001
327	477	475	1803	02	19	Jackson'sOxfordJournal	1803.02.19_Jackson'sOxfordJournal_0001	1803	01	29	Jackson'sOxfordJournal	1803.01.29_Jackson'sOxfordJournal_0001
248	331	325	1803	02	19	Jackson'sOxfordJournal	1803.02.19_Jackson'sOxfordJournal_0001	1803	01	29	Jackson'sOxfordJournal	1803.01.29_Jackson'sOxfordJournal_0002
235	293	294	1803	02	19	Jackson'sOxfordJournal	1803.02.19_Jackson'sOxfordJournal_0002	1803	01	29	Jackson'sOxfordJournal	1803.01.29_Jackson'sOxfordJournal_0003
223	333	336	1803	02	19	Jackson'sOxfordJournal	1803.02.19_Jackson'sOxfordJournal_0003	1803	01	08	Jackson'sOxfordJournal	1803.01.08_Jackson'sOxfordJournal_0003
318	450	433	1803	02	19	Jackson'sOxfordJournal	1803.02.19_Jackson'sOxfordJournal_0003	1803	01	15	Jackson'sOxfordJournal	1803.01.15_Jackson'sOxfordJournal_0003
210	313	298	1803	02	19	Jackson'sOxfordJournal	1803.02.19_Jackson'sOxfordJournal_0003	1803	01	22	Jackson'sOxfordJournal	1803.01.22_Jackson'sOxfordJournal_0003
441	611	580	1803	02	19	Jackson'sOxfordJournal	1803.02.19_Jackson'sOxfordJournal_0003	1803	01	29	Jackson'sOxfordJournal	1803.01.29_Jackson'sOxfordJournal_0003
328	425	437	1803	02	19	Jackson'sOxfordJournal	1803.02.19_Jackson'sOxfordJournal_0004	1803	01	08	Jackson'sOxfordJournal	1803.01.08_Jackson'sOxfordJournal_0001
216	315	333	1803	02	19	Jackson'sOxfordJournal	1803.02.19_Jackson'sOxfordJournal_0004	1803	01	27	TheDerbyMercury	1803.01.27_TheDerbyMercury_0003
318	467	474	1803	02	19	Jackson'sOxfordJournal	1803.02.19_Jackson'sOxfordJournal_0004	1803	01	29	Jackson'sOxfordJournal	1803.01.29_Jackson'sOxfordJournal_0004
213	291	292	1803	02	19	TheIpswichJournal	1803.02.19_TheIpswichJournal_0003	1803	01	15	TheIpswichJournal	1803.01.15_TheIpswichJournal_0003
282	436	439	1803	02	19	TheNewcastleCourantetc	1803.02.19_TheNewcastleCourantetc_0003	1803	01	06	TheDerbyMercury	1803.01.06_TheDerbyMercury_0003
246	437	432	1803	02	19	TheNewcastleCourantetc	1803.02.19_TheNewcastleCourantetc_0003	1803	01	08	TheNewcastleCourantetc	1803.01.08_TheNewcastleCourantetc_0003
305	506	510	1803	02	19	TheNewcastleCourantetc	1803.02.19_TheNewcastleCourantetc_0003	1803	01	22	TheNewcastleCourantetc	1803.01.22_TheNewcastleCourantetc_0003
242	374	370	I:\BL_TXTS\1800s\1803\02\1803.02.19_TheNewcastleCourantetc_0003.txt	I:\BL_TXTS\1800s\1803\01\1803.01.24_HampshireTelegraph&PortsmouthGazette_0004.txt
389	673	669	1803	02	19	TheNewcastleCourantetc	1803.02.19_TheNewcastleCourantetc_0003	1803	01	29	TheNewcastleCourantetc	1803.01.29_TheNewcastleCourantetc_0003
292	436	441	I:\BL_TXTS\1800s\1803\02\1803.02.21_HampshireTelegraph&PortsmouthGazette_0001.txt	I:\BL_TXTS\1800s\1803\01\1803.01.24_HampshireTelegraph&PortsmouthGazette_0001.txt
259	414	410	I:\BL_TXTS\1800s\1803\02\1803.02.21_HampshireTelegraph&PortsmouthGazette_0004.txt	I:\BL_TXTS\1800s\1803\01\1803.01.24_HampshireTelegraph&PortsmouthGazette_0004.txt
217	326	330	1803	02	23	TheAberdeenJournal	1803.02.23_TheAberdeenJournal_0001	1803	01	26	TheAberdeenJournal	1803.01.26_TheAberdeenJournal_0001
222	352	360	1803	02	24	TheDerbyMercury	1803.02.24_TheDerbyMercury_0001	1803	01	27	TheDerbyMercury	1803.01.27_TheDerbyMercury_0001
241	402	412	1803	02	24	TheDerbyMercury	1803.02.24_TheDerbyMercury_0004	1803	01	06	TheDerbyMercury	1803.01.06_TheDerbyMercury_0002
255	410	410	1803	02	24	TheDerbyMercury	1803.02.24_TheDerbyMercury_0004	1803	01	13	TheDerbyMercury	1803.01.13_TheDerbyMercury_0002
263	396	410	1803	02	24	TheDerbyMercury	1803.02.24_TheDerbyMercury_0004	1803	01	20	TheDerbyMercury	1803.01.20_TheDerbyMercury_0002
229	341	347	1803	02	24	TheDerbyMercury	1803.02.24_TheDerbyMercury_0004	1803	01	27	TheDerbyMercury	1803.01.27_TheDerbyMercury_0003
262	351	338	1803	02	24	Trewman'sExeterFlyingPost	1803.02.24_Trewman'sExeterFlyingPost_0002	1803	01	27	TheDerbyMercury	1803.01.27_TheDerbyMercury_0003
276	448	422	1803	02	24	Trewman'sExeterFlyingPost	1803.02.24_Trewman'sExeterFlyingPost_0002	1803	01	27	Trewman'sExeterFlyingPost	1803.01.27_Trewman'sExeterFlyingPost_0002
307	434	451	1803	02	24	Trewman'sExeterFlyingPost	1803.02.24_Trewman'sExeterFlyingPost_0002	1803	01	27	Trewman'sExeterFlyingPost	1803.01.27_Trewman'sExeterFlyingPost_0003
260	366	384	1803	02	24	Trewman'sExeterFlyingPost	1803.02.24_Trewman'sExeterFlyingPost_0003	1803	01	13	TheDerbyMercury	1803.01.13_TheDerbyMercury_0003
457	641	649	1803	02	24	Trewman'sExeterFlyingPost	1803.02.24_Trewman'sExeterFlyingPost_0003	1803	01	20	Trewman'sExeterFlyingPost	1803.01.20_Trewman'sExeterFlyingPost_0003
605	916	943	1803	02	24	Trewman'sExeterFlyingPost	1803.02.24_Trewman'sExeterFlyingPost_0003	1803	01	27	Trewman'sExeterFlyingPost	1803.01.27_Trewman'sExeterFlyingPost_0003
250	364	362	1803	02	26	Jackson'sOxfordJournal	1803.02.26_Jackson'sOxfordJournal_0001	1803	01	01	Jackson'sOxfordJournal	1803.01.01_Jackson'sOxfordJournal_0002
279	388	393	1803	02	26	Jackson'sOxfordJournal	1803.02.26_Jackson'sOxfordJournal_0001	1803	01	08	Jackson'sOxfordJournal	1803.01.08_Jackson'sOxfordJournal_0001
407	583	568	1803	02	26	Jackson'sOxfordJournal	1803.02.26_Jackson'sOxfordJournal_0001	1803	01	15	Jackson'sOxfordJournal	1803.01.15_Jackson'sOxfordJournal_0001
279	426	410	1803	02	26	Jackson'sOxfordJournal	1803.02.26_Jackson'sOxfordJournal_0001	1803	01	29	Jackson'sOxfordJournal	1803.01.29_Jackson'sOxfordJournal_0001
293	445	443	1803	02	26	Jackson'sOxfordJournal	1803.02.26_Jackson'sOxfordJournal_0003	1803	01	15	Jackson'sOxfordJournal	1803.01.15_Jackson'sOxfordJournal_0003
386	598	589	1803	02	26	Jackson'sOxfordJournal	1803.02.26_Jackson'sOxfordJournal_0003	1803	01	29	Jackson'sOxfordJournal	1803.01.29_Jackson'sOxfordJournal_0003
266	470	459	1803	02	26	Jackson'sOxfordJournal	1803.02.26_Jackson'sOxfordJournal_0004	1803	01	15	Jackson'sOxfordJournal	1803.01.15_Jackson'sOxfordJournal_0004
218	324	314	1803	02	26	Jackson'sOxfordJournal	1803.02.26_Jackson'sOxfordJournal_0004	1803	01	20	TheDerbyMercury	1803.01.20_TheDerbyMercury_0001
205	374	367	1803	02	26	Jackson'sOxfordJournal	1803.02.26_Jackson'sOxfordJournal_0004	1803	01	29	Jackson'sOxfordJournal	1803.01.29_Jackson'sOxfordJournal_0004
318	551	563	1803	02	26	TheNewcastleCourantetc	1803.02.26_TheNewcastleCourantetc_0003	1803	01	15	TheNewcastleCourantetc	1803.01.15_TheNewcastleCourantetc_0003
257	447	462	1803	02	26	TheNewcastleCourantetc	1803.02.26_TheNewcastleCourantetc_0003	1803	01	20	TheDerbyMercury	1803.01.20_TheDerbyMercury_0003
383	581	581	1803	02	26	TheNewcastleCourantetc	1803.02.26_TheNewcastleCourantetc_0003	1803	01	22	TheNewcastleCourantetc	1803.01.22_TheNewcastleCourantetc_0003
319	573	581	1803	02	26	TheNewcastleCourantetc	1803.02.26_TheNewcastleCourantetc_0003	1803	01	29	TheNewcastleCourantetc	1803.01.29_TheNewcastleCourantetc_0003
238	399	405	I:\BL_TXTS\1800s\1803\02\1803.02.28_HampshireTelegraph&PortsmouthGazette_0004.txt	I:\BL_TXTS\1800s\1803\01\1803.01.31_HampshireTelegraph&PortsmouthGazette_0001.txt
223	344	326	1803	03	03	Trewman'sExeterFlyingPost	1803.03.03_Trewman'sExeterFlyingPost_0003	1803	01	06	Trewman'sExeterFlyingPost	1803.01.06_Trewman'sExeterFlyingPost_0002
251	361	377	1803	03	03	Trewman'sExeterFlyingPost	1803.03.03_Trewman'sExeterFlyingPost_0003	1803	01	06	Trewman'sExeterFlyingPost	1803.01.06_Trewman'sExeterFlyingPost_0003
229	379	389	1803	03	03	Trewman'sExeterFlyingPost	1803.03.03_Trewman'sExeterFlyingPost_0003	1803	01	13	Trewman'sExeterFlyingPost	1803.01.13_Trewman'sExeterFlyingPost_0003
362	534	544	1803	03	03	Trewman'sExeterFlyingPost	1803.03.03_Trewman'sExeterFlyingPost_0003	1803	01	27	Trewman'sExeterFlyingPost	1803.01.27_Trewman'sExeterFlyingPost_0003
274	343	346	1803	03	05	Jackson'sOxfordJournal	1803.03.05_Jackson'sOxfordJournal_0001	1803	01	15	Jackson'sOxfordJournal	1803.01.15_Jackson'sOxfordJournal_0001
244	321	319	1803	03	05	Jackson'sOxfordJournal	1803.03.05_Jackson'sOxfordJournal_0002	1803	01	01	Jackson'sOxfordJournal	1803.01.01_Jackson'sOxfordJournal_0002
234	304	305	1803	03	05	Jackson'sOxfordJournal	1803.03.05_Jackson'sOxfordJournal_0002	1803	01	08	Jackson'sOxfordJournal	1803.01.08_Jackson'sOxfordJournal_0001
241	363	364	1803	03	05	Jackson'sOxfordJournal	1803.03.05_Jackson'sOxfordJournal_0002	1803	01	15	Jackson'sOxfordJournal	1803.01.15_Jackson'sOxfordJournal_0001
209	348	345	1803	03	05	Jackson'sOxfordJournal	1803.03.05_Jackson'sOxfordJournal_0002	1803	01	22	Jackson'sOxfordJournal	1803.01.22_Jackson'sOxfordJournal_0002
254	392	385	1803	03	05	Jackson'sOxfordJournal	1803.03.05_Jackson'sOxfordJournal_0003	1803	01	29	Jackson'sOxfordJournal	1803.01.29_Jackson'sOxfordJournal_0003
248	370	373	1803	03	05	Jackson'sOxfordJournal	1803.03.05_Jackson'sOxfordJournal_0004	1803	01	01	Jackson'sOxfordJournal	1803.01.01_Jackson'sOxfordJournal_0004
200	332	325	1803	03	05	Jackson'sOxfordJournal	1803.03.05_Jackson'sOxfordJournal_0004	1803	01	08	Jackson'sOxfordJournal	1803.01.08_Jackson'sOxfordJournal_0004
225	311	317	1803	03	05	Jackson'sOxfordJournal	1803.03.05_Jackson'sOxfordJournal_0004	1803	01	22	Jackson'sOxfordJournal	1803.01.22_Jackson'sOxfordJournal_0001
271	452	461	1803	03	05	TheNewcastleCourantetc	1803.03.05_TheNewcastleCourantetc_0003	1803	01	20	Trewman'sExeterFlyingPost	1803.01.20_Trewman'sExeterFlyingPost_0003
487	810	821	1803	03	05	TheNewcastleCourantetc	1803.03.05_TheNewcastleCourantetc_0003	1803	01	22	TheNewcastleCourantetc	1803.01.22_TheNewcastleCourantetc_0003
317	533	528	1803	03	05	TheNewcastleCourantetc	1803.03.05_TheNewcastleCourantetc_0003	1803	01	29	TheNewcastleCourantetc	1803.01.29_TheNewcastleCourantetc_0003
309	439	436	I:\BL_TXTS\1800s\1803\03\1803.03.07_HampshireTelegraph&PortsmouthGazette_0001.txt	I:\BL_TXTS\1800s\1803\01\1803.01.06_TheDerbyMercury_0003.txt
222	330	309	I:\BL_TXTS\1800s\1803\03\1803.03.07_HampshireTelegraph&PortsmouthGazette_0001.txt	I:\BL_TXTS\1800s\1803\01\1803.01.24_HampshireTelegraph&PortsmouthGazette_0001.txt
449	644	631	I:\BL_TXTS\1800s\1803\03\1803.03.07_HampshireTelegraph&PortsmouthGazette_0001.txt	I:\BL_TXTS\1800s\1803\01\1803.01.24_HampshireTelegraph&PortsmouthGazette_0004.txt
200	330	334	I:\BL_TXTS\1800s\1803\03\1803.03.07_HampshireTelegraph&PortsmouthGazette_0001.txt	I:\BL_TXTS\1800s\1803\01\1803.01.29_TheNewcastleCourantetc_0003.txt
221	357	376	I:\BL_TXTS\1800s\1803\03\1803.03.07_HampshireTelegraph&PortsmouthGazette_0001.txt	I:\BL_TXTS\1800s\1803\01\1803.01.31_HampshireTelegraph&PortsmouthGazette_0001.txt
268	428	422	I:\BL_TXTS\1800s\1803\03\1803.03.07_HampshireTelegraph&PortsmouthGazette_0001.txt	I:\BL_TXTS\1800s\1803\01\1803.01.31_HampshireTelegraph&PortsmouthGazette_0002.txt
252	412	402	1803	03	10	TheDerbyMercury	1803.03.10_TheDerbyMercury_0002	1803	01	13	TheDerbyMercury	1803.01.13_TheDerbyMercury_0003
216	353	361	1803	03	10	TheDerbyMercury	1803.03.10_TheDerbyMercury_0004	1803	01	13	TheDerbyMercury	1803.01.13_TheDerbyMercury_0002
249	404	424	1803	03	10	TheDerbyMercury	1803.03.10_TheDerbyMercury_0004	1803	01	20	TheDerbyMercury	1803.01.20_TheDerbyMercury_0002
378	611	596	1803	03	10	Trewman'sExeterFlyingPost	1803.03.10_Trewman'sExeterFlyingPost_0003	1803	01	06	TheDerbyMercury	1803.01.06_TheDerbyMercury_0003
227	389	400	1803	03	10	Trewman'sExeterFlyingPost	1803.03.10_Trewman'sExeterFlyingPost_0003	1803	01	13	Trewman'sExeterFlyingPost	1803.01.13_Trewman'sExeterFlyingPost_0003
206	376	371	1803	03	10	Trewman'sExeterFlyingPost	1803.03.10_Trewman'sExeterFlyingPost_0003	1803	01	20	TheDerbyMercury	1803.01.20_TheDerbyMercury_0003
218	350	350	1803	03	10	Trewman'sExeterFlyingPost	1803.03.10_Trewman'sExeterFlyingPost_0003	1803	01	20	Trewman'sExeterFlyingPost	1803.01.20_Trewman'sExeterFlyingPost_0003
227	405	400	1803	03	10	Trewman'sExeterFlyingPost	1803.03.10_Trewman'sExeterFlyingPost_0003	1803	01	22	TheNewcastleCourantetc	1803.01.22_TheNewcastleCourantetc_0003
368	593	603	1803	03	10	Trewman'sExeterFlyingPost	1803.03.10_Trewman'sExeterFlyingPost_0003	1803	01	27	Trewman'sExeterFlyingPost	1803.01.27_Trewman'sExeterFlyingPost_0003
310	479	478	1803	03	12	Jackson'sOxfordJournal	1803.03.12_Jackson'sOxfordJournal_0004	1803	01	29	Jackson'sOxfordJournal	1803.01.29_Jackson'sOxfordJournal_0004
391	606	597	1803	03	12	TheNewcastleCourantetc	1803.03.12_TheNewcastleCourantetc_0003	1803	01	06	TheDerbyMercury	1803.01.06_TheDerbyMercury_0003
326	524	519	1803	03	12	TheNewcastleCourantetc	1803.03.12_TheNewcastleCourantetc_0003	1803	01	08	TheNewcastleCourantetc	1803.01.08_TheNewcastleCourantetc_0003
253	410	418	1803	03	12	TheNewcastleCourantetc	1803.03.12_TheNewcastleCourantetc_0003	1803	01	20	Trewman'sExeterFlyingPost	1803.01.20_Trewman'sExeterFlyingPost_0003
328	516	525	1803	03	12	TheNewcastleCourantetc	1803.03.12_TheNewcastleCourantetc_0003	1803	01	22	TheNewcastleCourantetc	1803.01.22_TheNewcastleCourantetc_0003
217	327	317	I:\BL_TXTS\1800s\1803\03\1803.03.12_TheNewcastleCourantetc_0003.txt	I:\BL_TXTS\1800s\1803\01\1803.01.24_HampshireTelegraph&PortsmouthGazette_0004.txt
549	869	867	1803	03	12	TheNewcastleCourantetc	1803.03.12_TheNewcastleCourantetc_0003	1803	01	29	TheNewcastleCourantetc	1803.01.29_TheNewcastleCourantetc_0003
263	373	369	I:\BL_TXTS\1800s\1803\03\1803.03.14_HampshireTelegraph&PortsmouthGazette_0001.txt	I:\BL_TXTS\1800s\1803\01\1803.01.03_HampshireTelegraph&PortsmouthGazette_0004.txt
231	361	367	I:\BL_TXTS\1800s\1803\03\1803.03.14_HampshireTelegraph&PortsmouthGazette_0001.txt	I:\BL_TXTS\1800s\1803\01\1803.01.17_HampshireTelegraph&PortsmouthGazette_0004.txt
265	378	374	I:\BL_TXTS\1800s\1803\03\1803.03.14_HampshireTelegraph&PortsmouthGazette_0001.txt	I:\BL_TXTS\1800s\1803\01\1803.01.24_HampshireTelegraph&PortsmouthGazette_0001.txt
215	333	324	I:\BL_TXTS\1800s\1803\03\1803.03.14_HampshireTelegraph&PortsmouthGazette_0001.txt	I:\BL_TXTS\1800s\1803\01\1803.01.24_HampshireTelegraph&PortsmouthGazette_0004.txt
208	328	351	I:\BL_TXTS\1800s\1803\03\1803.03.14_HampshireTelegraph&PortsmouthGazette_0001.txt	I:\BL_TXTS\1800s\1803\01\1803.01.31_HampshireTelegraph&PortsmouthGazette_0001.txt
300	416	413	I:\BL_TXTS\1800s\1803\03\1803.03.14_HampshireTelegraph&PortsmouthGazette_0004.txt	I:\BL_TXTS\1800s\1803\01\1803.01.06_TheDerbyMercury_0003.txt
416	576	564	I:\BL_TXTS\1800s\1803\03\1803.03.14_HampshireTelegraph&PortsmouthGazette_0004.txt	I:\BL_TXTS\1800s\1803\01\1803.01.24_HampshireTelegraph&PortsmouthGazette_0004.txt
278	444	422	1803	03	17	TheDerbyMercury	1803.03.17_TheDerbyMercury_0001	1803	01	20	TheDerbyMercury	1803.01.20_TheDerbyMercury_0001
200	366	360	1803	03	17	TheDerbyMercury	1803.03.17_TheDerbyMercury_0004	1803	01	20	TheDerbyMercury	1803.01.20_TheDerbyMercury_0002
257	320	329	1803	03	17	Trewman'sExeterFlyingPost	1803.03.17_Trewman'sExeterFlyingPost_0002	1803	01	27	TheDerbyMercury	1803.01.27_TheDerbyMercury_0003
206	309	310	1803	03	17	Trewman'sExeterFlyingPost	1803.03.17_Trewman'sExeterFlyingPost_0002	1803	01	27	Trewman'sExeterFlyingPost	1803.01.27_Trewman'sExeterFlyingPost_0002
337	576	566	1803	03	17	Trewman'sExeterFlyingPost	1803.03.17_Trewman'sExeterFlyingPost_0003	1803	01	20	Trewman'sExeterFlyingPost	1803.01.20_Trewman'sExeterFlyingPost_0003
319	422	434	1803	03	19	Jackson'sOxfordJournal	1803.03.19_Jackson'sOxfordJournal_0001	1803	01	01	Jackson'sOxfordJournal	1803.01.01_Jackson'sOxfordJournal_0002
255	321	335	1803	03	19	Jackson'sOxfordJournal	1803.03.19_Jackson'sOxfordJournal_0004	1803	01	08	Jackson'sOxfordJournal	1803.01.08_Jackson'sOxfordJournal_0001
243	305	308	1803	03	19	Jackson'sOxfordJournal	1803.03.19_Jackson'sOxfordJournal_0004	1803	01	15	Jackson'sOxfordJournal	1803.01.15_Jackson'sOxfordJournal_0001
223	333	334	1803	03	19	Jackson'sOxfordJournal	1803.03.19_Jackson'sOxfordJournal_0004	1803	01	22	Jackson'sOxfordJournal	1803.01.22_Jackson'sOxfordJournal_0001
327	543	555	1803	03	19	TheNewcastleCourantetc	1803.03.19_TheNewcastleCourantetc_0003	1803	01	15	TheNewcastleCourantetc	1803.01.15_TheNewcastleCourantetc_0003
290	419	426	I:\BL_TXTS\1800s\1803\03\1803.03.21_HampshireTelegraph&PortsmouthGazette_0004.txt	I:\BL_TXTS\1800s\1803\01\1803.01.06_TheDerbyMercury_0003.txt
531	806	801	I:\BL_TXTS\1800s\1803\03\1803.03.21_HampshireTelegraph&PortsmouthGazette_0004.txt	I:\BL_TXTS\1800s\1803\01\1803.01.24_HampshireTelegraph&PortsmouthGazette_0004.txt
225	382	381	I:\BL_TXTS\1800s\1803\03\1803.03.21_HampshireTelegraph&PortsmouthGazette_0004.txt	I:\BL_TXTS\1800s\1803\01\1803.01.31_HampshireTelegraph&PortsmouthGazette_0002.txt
590	809	800	1803	03	24	TheDerbyMercury	1803.03.24_TheDerbyMercury_0004	1803	01	06	TheDerbyMercury	1803.01.06_TheDerbyMercury_0003
200	326	313	1803	03	24	TheDerbyMercury	1803.03.24_TheDerbyMercury_0004	1803	01	08	TheNewcastleCourantetc	1803.01.08_TheNewcastleCourantetc_0003
361	600	600	1803	03	24	TheDerbyMercury	1803.03.24_TheDerbyMercury_0004	1803	01	13	TheDerbyMercury	1803.01.13_TheDerbyMercury_0003
243	336	317	I:\BL_TXTS\1800s\1803\03\1803.03.24_TheDerbyMercury_0004.txt	I:\BL_TXTS\1800s\1803\01\1803.01.24_HampshireTelegraph&PortsmouthGazette_0004.txt
309	518	512	1803	03	24	TheDerbyMercury	1803.03.24_TheDerbyMercury_0004	1803	01	29	TheNewcastleCourantetc	1803.01.29_TheNewcastleCourantetc_0003
212	326	337	1803	03	24	Trewman'sExeterFlyingPost	1803.03.24_Trewman'sExeterFlyingPost_0003	1803	01	13	TheDerbyMercury	1803.01.13_TheDerbyMercury_0003
254	418	411	1803	03	24	Trewman'sExeterFlyingPost	1803.03.24_Trewman'sExeterFlyingPost_0003	1803	01	20	Trewman'sExeterFlyingPost	1803.01.20_Trewman'sExeterFlyingPost_0003
463	769	761	1803	03	24	Trewman'sExeterFlyingPost	1803.03.24_Trewman'sExeterFlyingPost_0003	1803	01	27	Trewman'sExeterFlyingPost	1803.01.27_Trewman'sExeterFlyingPost_0003
222	272	269	1803	03	26	Jackson'sOxfordJournal	1803.03.26_Jackson'sOxfordJournal_0004	1803	01	08	Jackson'sOxfordJournal	1803.01.08_Jackson'sOxfordJournal_0001
201	231	232	1803	03	26	Jackson'sOxfordJournal	1803.03.26_Jackson'sOxfordJournal_0004	1803	01	15	Jackson'sOxfordJournal	1803.01.15_Jackson'sOxfordJournal_0001
303	442	440	1803	03	26	Jackson'sOxfordJournal	1803.03.26_Jackson'sOxfordJournal_0004	1803	01	15	Jackson'sOxfordJournal	1803.01.15_Jackson'sOxfordJournal_0002
225	323	319	1803	03	26	Jackson'sOxfordJournal	1803.03.26_Jackson'sOxfordJournal_0004	1803	01	20	TheDerbyMercury	1803.01.20_TheDerbyMercury_0001
209	344	336	1803	03	26	Jackson'sOxfordJournal	1803.03.26_Jackson'sOxfordJournal_0004	1803	01	29	Jackson'sOxfordJournal	1803.01.29_Jackson'sOxfordJournal_0004
312	488	503	1803	03	26	TheNewcastleCourantetc	1803.03.26_TheNewcastleCourantetc_0003	1803	01	05	TheAberdeenJournal	1803.01.05_TheAberdeenJournal_0002
250	432	429	1803	03	26	TheNewcastleCourantetc	1803.03.26_TheNewcastleCourantetc_0003	1803	01	08	TheNewcastleCourantetc	1803.01.08_TheNewcastleCourantetc_0003
222	358	372	I:\BL_TXTS\1800s\1803\03\1803.03.26_TheNewcastleCourantetc_0003.txt	I:\BL_TXTS\1800s\1803\01\1803.01.17_HampshireTelegraph&PortsmouthGazette_0004.txt
253	459	484	1803	03	26	TheNewcastleCourantetc	1803.03.26_TheNewcastleCourantetc_0003	1803	01	19	TheAberdeenJournal	1803.01.19_TheAberdeenJournal_0001
305	490	511	1803	03	26	TheNewcastleCourantetc	1803.03.26_TheNewcastleCourantetc_0003	1803	01	20	Trewman'sExeterFlyingPost	1803.01.20_Trewman'sExeterFlyingPost_0003
562	909	928	1803	03	26	TheNewcastleCourantetc	1803.03.26_TheNewcastleCourantetc_0003	1803	01	22	TheNewcastleCourantetc	1803.01.22_TheNewcastleCourantetc_0003
278	446	449	I:\BL_TXTS\1800s\1803\03\1803.03.26_TheNewcastleCourantetc_0003.txt	I:\BL_TXTS\1800s\1803\01\1803.01.24_HampshireTelegraph&PortsmouthGazette_0004.txt
223	367	385	1803	03	26	TheNewcastleCourantetc	1803.03.26_TheNewcastleCourantetc_0003	1803	01	26	TheAberdeenJournal	1803.01.26_TheAberdeenJournal_0001
214	331	325	I:\BL_TXTS\1800s\1803\03\1803.03.28_HampshireTelegraph&PortsmouthGazette_0001.txt	I:\BL_TXTS\1800s\1803\01\1803.01.24_HampshireTelegraph&PortsmouthGazette_0001.txt
265	375	393	I:\BL_TXTS\1800s\1803\03\1803.03.28_HampshireTelegraph&PortsmouthGazette_0004.txt	I:\BL_TXTS\1800s\1803\01\1803.01.06_TheDerbyMercury_0003.txt
389	574	585	I:\BL_TXTS\1800s\1803\03\1803.03.28_HampshireTelegraph&PortsmouthGazette_0004.txt	I:\BL_TXTS\1800s\1803\01\1803.01.24_HampshireTelegraph&PortsmouthGazette_0004.txt
236	395	395	1803	03	31	Trewman'sExeterFlyingPost	1803.03.31_Trewman'sExeterFlyingPost_0003	1803	01	27	Trewman'sExeterFlyingPost	1803.01.27_Trewman'sExeterFlyingPost_0003
255	344	342	1803	04	02	Jackson'sOxfordJournal	1803.04.02_Jackson'sOxfordJournal_0002	1803	01	01	Jackson'sOxfordJournal	1803.01.01_Jackson'sOxfordJournal_0002
371	513	526	1803	04	02	Jackson'sOxfordJournal	1803.04.02_Jackson'sOxfordJournal_0002	1803	01	08	Jackson'sOxfordJournal	1803.01.08_Jackson'sOxfordJournal_0002
265	451	447	1803	04	02	TheNewcastleCourantetc	1803.04.02_TheNewcastleCourantetc_0002	1803	01	29	TheNewcastleCourantetc	1803.01.29_TheNewcastleCourantetc_0003
218	372	368	1803	04	02	TheNewcastleCourantetc	1803.04.02_TheNewcastleCourantetc_0003	1803	01	06	TheDerbyMercury	1803.01.06_TheDerbyMercury_0003
398	691	714	1803	04	02	TheNewcastleCourantetc	1803.04.02_TheNewcastleCourantetc_0003	1803	01	22	TheNewcastleCourantetc	1803.01.22_TheNewcastleCourantetc_0003
298	531	534	1803	04	02	TheNewcastleCourantetc	1803.04.02_TheNewcastleCourantetc_0003	1803	01	29	TheNewcastleCourantetc	1803.01.29_TheNewcastleCourantetc_0003
219	352	358	I:\BL_TXTS\1800s\1803\04\1803.04.04_HampshireTelegraph&PortsmouthGazette_0001.txt	I:\BL_TXTS\1800s\1803\01\1803.01.10_HampshireTelegraph&PortsmouthGazette_0001.txt
235	359	346	I:\BL_TXTS\1800s\1803\04\1803.04.04_HampshireTelegraph&PortsmouthGazette_0004.txt	I:\BL_TXTS\1800s\1803\01\1803.01.03_HampshireTelegraph&PortsmouthGazette_0004.txt
287	409	420	I:\BL_TXTS\1800s\1803\04\1803.04.04_HampshireTelegraph&PortsmouthGazette_0004.txt	I:\BL_TXTS\1800s\1803\01\1803.01.06_TheDerbyMercury_0003.txt
285	456	461	I:\BL_TXTS\1800s\1803\04\1803.04.04_HampshireTelegraph&PortsmouthGazette_0004.txt	I:\BL_TXTS\1800s\1803\01\1803.01.17_HampshireTelegraph&PortsmouthGazette_0004.txt
528	770	750	I:\BL_TXTS\1800s\1803\04\1803.04.04_HampshireTelegraph&PortsmouthGazette_0004.txt	I:\BL_TXTS\1800s\1803\01\1803.01.24_HampshireTelegraph&PortsmouthGazette_0004.txt
219	358	353	I:\BL_TXTS\1800s\1803\04\1803.04.04_HampshireTelegraph&PortsmouthGazette_0004.txt	I:\BL_TXTS\1800s\1803\01\1803.01.31_HampshireTelegraph&PortsmouthGazette_0002.txt
413	648	613	1803	04	07	TheDerbyMercury	1803.04.07_TheDerbyMercury_0004	1803	01	06	TheDerbyMercury	1803.01.06_TheDerbyMercury_0002
453	748	717	1803	04	07	TheDerbyMercury	1803.04.07_TheDerbyMercury_0004	1803	01	13	TheDerbyMercury	1803.01.13_TheDerbyMercury_0002
443	698	682	1803	04	07	TheDerbyMercury	1803.04.07_TheDerbyMercury_0004	1803	01	20	TheDerbyMercury	1803.01.20_TheDerbyMercury_0002
323	536	527	1803	04	07	TheDerbyMercury	1803.04.07_TheDerbyMercury_0004	1803	01	27	TheDerbyMercury	1803.01.27_TheDerbyMercury_0002
367	594	581	1803	04	07	Trewman'sExeterFlyingPost	1803.04.07_Trewman'sExeterFlyingPost_0003	1803	01	06	TheDerbyMercury	1803.01.06_TheDerbyMercury_0003
220	387	387	1803	04	07	Trewman'sExeterFlyingPost	1803.04.07_Trewman'sExeterFlyingPost_0003	1803	01	20	TheDerbyMercury	1803.01.20_TheDerbyMercury_0003
229	351	359	1803	04	07	Trewman'sExeterFlyingPost	1803.04.07_Trewman'sExeterFlyingPost_0003	1803	01	20	Trewman'sExeterFlyingPost	1803.01.20_Trewman'sExeterFlyingPost_0003
214	371	373	1803	04	07	Trewman'sExeterFlyingPost	1803.04.07_Trewman'sExeterFlyingPost_0003	1803	01	22	TheNewcastleCourantetc	1803.01.22_TheNewcastleCourantetc_0003
248	409	420	1803	04	07	Trewman'sExeterFlyingPost	1803.04.07_Trewman'sExeterFlyingPost_0003	1803	01	27	Trewman'sExeterFlyingPost	1803.01.27_Trewman'sExeterFlyingPost_0003
232	350	341	1803	04	09	Jackson'sOxfordJournal	1803.04.09_Jackson'sOxfordJournal_0001	1803	01	01	Jackson'sOxfordJournal	1803.01.01_Jackson'sOxfordJournal_0002
347	442	454	1803	04	09	Jackson'sOxfordJournal	1803.04.09_Jackson'sOxfordJournal_0001	1803	01	08	Jackson'sOxfordJournal	1803.01.08_Jackson'sOxfordJournal_0001
248	370	361	1803	04	09	Jackson'sOxfordJournal	1803.04.09_Jackson'sOxfordJournal_0001	1803	01	08	Jackson'sOxfordJournal	1803.01.08_Jackson'sOxfordJournal_0002
286	386	388	1803	04	09	Jackson'sOxfordJournal	1803.04.09_Jackson'sOxfordJournal_0004	1803	01	08	Jackson'sOxfordJournal	1803.01.08_Jackson'sOxfordJournal_0001
250	406	421	1803	04	09	TheNewcastleCourantetc	1803.04.09_TheNewcastleCourantetc_0003	1803	01	13	TheDerbyMercury	1803.01.13_TheDerbyMercury_0003
412	692	705	1803	04	09	TheNewcastleCourantetc	1803.04.09_TheNewcastleCourantetc_0003	1803	01	15	TheNewcastleCourantetc	1803.01.15_TheNewcastleCourantetc_0003
247	399	405	1803	04	09	TheNewcastleCourantetc	1803.04.09_TheNewcastleCourantetc_0003	1803	01	22	TheNewcastleCourantetc	1803.01.22_TheNewcastleCourantetc_0003
229	375	377	1803	04	09	TheNewcastleCourantetc	1803.04.09_TheNewcastleCourantetc_0003	1803	01	27	Trewman'sExeterFlyingPost	1803.01.27_Trewman'sExeterFlyingPost_0003
439	736	733	1803	04	09	TheNewcastleCourantetc	1803.04.09_TheNewcastleCourantetc_0003	1803	01	29	TheNewcastleCourantetc	1803.01.29_TheNewcastleCourantetc_0003
201	331	332	I:\BL_TXTS\1800s\1803\04\1803.04.11_HampshireTelegraph&PortsmouthGazette_0001.txt	I:\BL_TXTS\1800s\1803\01\1803.01.10_HampshireTelegraph&PortsmouthGazette_0001.txt
211	313	322	I:\BL_TXTS\1800s\1803\04\1803.04.11_HampshireTelegraph&PortsmouthGazette_0004.txt	I:\BL_TXTS\1800s\1803\01\1803.01.17_HampshireTelegraph&PortsmouthGazette_0004.txt
241	339	336	I:\BL_TXTS\1800s\1803\04\1803.04.11_HampshireTelegraph&PortsmouthGazette_0004.txt	I:\BL_TXTS\1800s\1803\01\1803.01.24_HampshireTelegraph&PortsmouthGazette_0004.txt
204	358	334	1803	04	14	TheDerbyMercury	1803.04.14_TheDerbyMercury_0004	1803	01	06	TheDerbyMercury	1803.01.06_TheDerbyMercury_0002
229	402	377	1803	04	14	TheDerbyMercury	1803.04.14_TheDerbyMercury_0004	1803	01	13	TheDerbyMercury	1803.01.13_TheDerbyMercury_0002
234	383	372	1803	04	14	TheDerbyMercury	1803.04.14_TheDerbyMercury_0004	1803	01	20	TheDerbyMercury	1803.01.20_TheDerbyMercury_0002
234	410	404	1803	04	14	Trewman'sExeterFlyingPost	1803.04.14_Trewman'sExeterFlyingPost_0003	1803	01	20	Trewman'sExeterFlyingPost	1803.01.20_Trewman'sExeterFlyingPost_0003
273	457	457	1803	04	14	Trewman'sExeterFlyingPost	1803.04.14_Trewman'sExeterFlyingPost_0003	1803	01	27	Trewman'sExeterFlyingPost	1803.01.27_Trewman'sExeterFlyingPost_0003
421	624	619	1803	04	16	Jackson'sOxfordJournal	1803.04.16_Jackson'sOxfordJournal_0001	1803	01	01	Jackson'sOxfordJournal	1803.01.01_Jackson'sOxfordJournal_0002
497	614	628	1803	04	16	Jackson'sOxfordJournal	1803.04.16_Jackson'sOxfordJournal_0001	1803	01	08	Jackson'sOxfordJournal	1803.01.08_Jackson'sOxfordJournal_0001
298	407	410	1803	04	16	Jackson'sOxfordJournal	1803.04.16_Jackson'sOxfordJournal_0001	1803	01	08	Jackson'sOxfordJournal	1803.01.08_Jackson'sOxfordJournal_0002
307	398	408	1803	04	16	Jackson'sOxfordJournal	1803.04.16_Jackson'sOxfordJournal_0004	1803	01	08	Jackson'sOxfordJournal	1803.01.08_Jackson'sOxfordJournal_0001
242	402	399	1803	04	16	Jackson'sOxfordJournal	1803.04.16_Jackson'sOxfordJournal_0004	1803	01	15	Jackson'sOxfordJournal	1803.01.15_Jackson'sOxfordJournal_0004
295	508	516	1803	04	16	TheNewcastleCourantetc	1803.04.16_TheNewcastleCourantetc_0003	1803	01	20	Trewman'sExeterFlyingPost	1803.01.20_Trewman'sExeterFlyingPost_0003
347	570	579	1803	04	16	TheNewcastleCourantetc	1803.04.16_TheNewcastleCourantetc_0003	1803	01	22	TheNewcastleCourantetc	1803.01.22_TheNewcastleCourantetc_0003
244	361	366	I:\BL_TXTS\1800s\1803\04\1803.04.18_HampshireTelegraph&PortsmouthGazette_0004.txt	I:\BL_TXTS\1800s\1803\01\1803.01.06_TheDerbyMercury_0003.txt
340	523	525	I:\BL_TXTS\1800s\1803\04\1803.04.18_HampshireTelegraph&PortsmouthGazette_0004.txt	I:\BL_TXTS\1800s\1803\01\1803.01.24_HampshireTelegraph&PortsmouthGazette_0004.txt
262	431	416	1803	04	21	TheDerbyMercury	1803.04.21_TheDerbyMercury_0004	1803	01	06	TheDerbyMercury	1803.01.06_TheDerbyMercury_0002
324	530	521	1803	04	21	TheDerbyMercury	1803.04.21_TheDerbyMercury_0004	1803	01	13	TheDerbyMercury	1803.01.13_TheDerbyMercury_0002
235	406	381	1803	04	21	TheDerbyMercury	1803.04.21_TheDerbyMercury_0004	1803	01	13	TheDerbyMercury	1803.01.13_TheDerbyMercury_0003
390	614	613	1803	04	21	TheDerbyMercury	1803.04.21_TheDerbyMercury_0004	1803	01	20	TheDerbyMercury	1803.01.20_TheDerbyMercury_0002
201	303	305	1803	04	21	TheDerbyMercury	1803.04.21_TheDerbyMercury_0004	1803	01	27	TheDerbyMercury	1803.01.27_TheDerbyMercury_0002
278	430	429	1803	04	21	TheDerbyMercury	1803.04.21_TheDerbyMercury_0004	1803	01	27	TheDerbyMercury	1803.01.27_TheDerbyMercury_0003
207	292	291	1803	04	23	Jackson'sOxfordJournal	1803.04.23_Jackson'sOxfordJournal_0002	1803	01	15	Jackson'sOxfordJournal	1803.01.15_Jackson'sOxfordJournal_0003
284	358	359	1803	04	23	Jackson'sOxfordJournal	1803.04.23_Jackson'sOxfordJournal_0002	1803	01	29	Jackson'sOxfordJournal	1803.01.29_Jackson'sOxfordJournal_0003
252	347	348	1803	04	23	Jackson'sOxfordJournal	1803.04.23_Jackson'sOxfordJournal_0003	1803	01	08	Jackson'sOxfordJournal	1803.01.08_Jackson'sOxfordJournal_0002
252	336	340	1803	04	23	Jackson'sOxfordJournal	1803.04.23_Jackson'sOxfordJournal_0004	1803	01	27	TheDerbyMercury	1803.01.27_TheDerbyMercury_0003
235	324	326	I:\BL_TXTS\1800s\1803\04\1803.04.25_HampshireTelegraph&PortsmouthGazette_0004.txt	I:\BL_TXTS\1800s\1803\01\1803.01.03_HampshireTelegraph&PortsmouthGazette_0004.txt
226	343	358	I:\BL_TXTS\1800s\1803\04\1803.04.25_HampshireTelegraph&PortsmouthGazette_0004.txt	I:\BL_TXTS\1800s\1803\01\1803.01.17_HampshireTelegraph&PortsmouthGazette_0004.txt
262	386	380	I:\BL_TXTS\1800s\1803\04\1803.04.25_HampshireTelegraph&PortsmouthGazette_0004.txt	I:\BL_TXTS\1800s\1803\01\1803.01.24_HampshireTelegraph&PortsmouthGazette_0004.txt
206	325	341	1803	04	26	TheHullPacket	1803.04.26_TheHullPacket_0004	1803	01	20	TheDerbyMercury	1803.01.20_TheDerbyMercury_0003
357	602	590	1803	04	28	Trewman'sExeterFlyingPost	1803.04.28_Trewman'sExeterFlyingPost_0003	1803	01	06	TheDerbyMercury	1803.01.06_TheDerbyMercury_0003
318	588	582	1803	04	28	Trewman'sExeterFlyingPost	1803.04.28_Trewman'sExeterFlyingPost_0003	1803	01	27	Trewman'sExeterFlyingPost	1803.01.27_Trewman'sExeterFlyingPost_0003
204	297	292	1803	04	30	Jackson'sOxfordJournal	1803.04.30_Jackson'sOxfordJournal_0001	1803	01	01	Jackson'sOxfordJournal	1803.01.01_Jackson'sOxfordJournal_0002
261	374	358	1803	04	30	Jackson'sOxfordJournal	1803.04.30_Jackson'sOxfordJournal_0003	1803	01	29	Jackson'sOxfordJournal	1803.01.29_Jackson'sOxfordJournal_0003
209	342	330	1803	04	30	Jackson'sOxfordJournal	1803.04.30_Jackson'sOxfordJournal_0004	1803	01	08	Jackson'sOxfordJournal	1803.01.08_Jackson'sOxfordJournal_0004
273	427	411	1803	04	30	Jackson'sOxfordJournal	1803.04.30_Jackson'sOxfordJournal_0004	1803	01	22	Jackson'sOxfordJournal	1803.01.22_Jackson'sOxfordJournal_0004
281	480	491	1803	04	30	TheNewcastleCourantetc	1803.04.30_TheNewcastleCourantetc_0003	1803	01	05	TheAberdeenJournal	1803.01.05_TheAberdeenJournal_0002
219	374	375	I:\BL_TXTS\1800s\1803\04\1803.04.30_TheNewcastleCourantetc_0003.txt	I:\BL_TXTS\1800s\1803\01\1803.01.24_HampshireTelegraph&PortsmouthGazette_0004.txt
238	353	357	I:\BL_TXTS\1800s\1803\05\1803.05.02_HampshireTelegraph&PortsmouthGazette_0004.txt	I:\BL_TXTS\1800s\1803\01\1803.01.03_HampshireTelegraph&PortsmouthGazette_0004.txt
275	405	407	I:\BL_TXTS\1800s\1803\05\1803.05.02_HampshireTelegraph&PortsmouthGazette_0004.txt	I:\BL_TXTS\1800s\1803\01\1803.01.17_HampshireTelegraph&PortsmouthGazette_0004.txt
267	393	384	I:\BL_TXTS\1800s\1803\05\1803.05.02_HampshireTelegraph&PortsmouthGazette_0004.txt	I:\BL_TXTS\1800s\1803\01\1803.01.24_HampshireTelegraph&PortsmouthGazette_0004.txt
201	336	340	I:\BL_TXTS\1800s\1803\05\1803.05.03_TheHullPacket_0004.txt	I:\BL_TXTS\1800s\1803\01\1803.01.24_HampshireTelegraph&PortsmouthGazette_0004.txt
203	341	329	1803	05	05	TheDerbyMercury	1803.05.05_TheDerbyMercury_0004	1803	01	06	TheDerbyMercury	1803.01.06_TheDerbyMercury_0002
495	732	722	1803	05	05	TheDerbyMercury	1803.05.05_TheDerbyMercury_0004	1803	01	06	TheDerbyMercury	1803.01.06_TheDerbyMercury_0003
263	412	395	I:\BL_TXTS\1800s\1803\05\1803.05.05_TheDerbyMercury_0004.txt	I:\BL_TXTS\1800s\1803\01\1803.01.24_HampshireTelegraph&PortsmouthGazette_0004.txt
242	387	386	1803	05	05	TheDerbyMercury	1803.05.05_TheDerbyMercury_0004	1803	01	29	TheNewcastleCourantetc	1803.01.29_TheNewcastleCourantetc_0003
271	428	420	1803	05	05	Trewman'sExeterFlyingPost	1803.05.05_Trewman'sExeterFlyingPost_0003	1803	01	06	Trewman'sExeterFlyingPost	1803.01.06_Trewman'sExeterFlyingPost_0003
288	511	498	1803	05	05	Trewman'sExeterFlyingPost	1803.05.05_Trewman'sExeterFlyingPost_0003	1803	01	15	Jackson'sOxfordJournal	1803.01.15_Jackson'sOxfordJournal_0004
210	349	349	1803	05	05	Trewman'sExeterFlyingPost	1803.05.05_Trewman'sExeterFlyingPost_0003	1803	01	20	TheDerbyMercury	1803.01.20_TheDerbyMercury_0003
466	782	804	1803	05	05	Trewman'sExeterFlyingPost	1803.05.05_Trewman'sExeterFlyingPost_0003	1803	01	20	Trewman'sExeterFlyingPost	1803.01.20_Trewman'sExeterFlyingPost_0003
332	553	557	1803	05	05	Trewman'sExeterFlyingPost	1803.05.05_Trewman'sExeterFlyingPost_0003	1803	01	22	TheNewcastleCourantetc	1803.01.22_TheNewcastleCourantetc_0003
354	575	569	1803	05	05	Trewman'sExeterFlyingPost	1803.05.05_Trewman'sExeterFlyingPost_0003	1803	01	27	Trewman'sExeterFlyingPost	1803.01.27_Trewman'sExeterFlyingPost_0003
290	443	440	1803	05	07	Jackson'sOxfordJournal	1803.05.07_Jackson'sOxfordJournal_0001	1803	01	01	Jackson'sOxfordJournal	1803.01.01_Jackson'sOxfordJournal_0002
248	350	350	1803	05	07	Jackson'sOxfordJournal	1803.05.07_Jackson'sOxfordJournal_0001	1803	01	08	Jackson'sOxfordJournal	1803.01.08_Jackson'sOxfordJournal_0002
249	337	331	1803	05	07	Jackson'sOxfordJournal	1803.05.07_Jackson'sOxfordJournal_0003	1803	01	01	Jackson'sOxfordJournal	1803.01.01_Jackson'sOxfordJournal_0002
240	326	331	1803	05	07	Jackson'sOxfordJournal	1803.05.07_Jackson'sOxfordJournal_0003	1803	01	15	Jackson'sOxfordJournal	1803.01.15_Jackson'sOxfordJournal_0001
293	375	369	1803	05	07	Jackson'sOxfordJournal	1803.05.07_Jackson'sOxfordJournal_0003	1803	01	29	Jackson'sOxfordJournal	1803.01.29_Jackson'sOxfordJournal_0003
225	394	382	1803	05	07	TheNewcastleCourantetc	1803.05.07_TheNewcastleCourantetc_0003	1803	01	15	Jackson'sOxfordJournal	1803.01.15_Jackson'sOxfordJournal_0004
239	398	405	1803	05	07	TheNewcastleCourantetc	1803.05.07_TheNewcastleCourantetc_0003	1803	01	20	TheDerbyMercury	1803.01.20_TheDerbyMercury_0003
239	412	414	1803	05	07	TheNewcastleCourantetc	1803.05.07_TheNewcastleCourantetc_0003	1803	01	20	Trewman'sExeterFlyingPost	1803.01.20_Trewman'sExeterFlyingPost_0003
596	932	938	1803	05	07	TheNewcastleCourantetc	1803.05.07_TheNewcastleCourantetc_0003	1803	01	22	TheNewcastleCourantetc	1803.01.22_TheNewcastleCourantetc_0003
299	406	428	1803	05	10	TheHullPacket	1803.05.10_TheHullPacket_0004	1803	01	27	TheDerbyMercury	1803.01.27_TheDerbyMercury_0003
347	552	549	1803	05	12	TheDerbyMercury	1803.05.12_TheDerbyMercury_0004	1803	01	06	TheDerbyMercury	1803.01.06_TheDerbyMercury_0003
453	729	736	1803	05	12	TheDerbyMercury	1803.05.12_TheDerbyMercury_0004	1803	01	13	TheDerbyMercury	1803.01.13_TheDerbyMercury_0003
363	570	580	1803	05	12	TheDerbyMercury	1803.05.12_TheDerbyMercury_0004	1803	01	20	TheDerbyMercury	1803.01.20_TheDerbyMercury_0003
219	406	403	1803	05	12	TheDerbyMercury	1803.05.12_TheDerbyMercury_0004	1803	01	22	TheNewcastleCourantetc	1803.01.22_TheNewcastleCourantetc_0003
233	370	371	1803	05	12	TheDerbyMercury	1803.05.12_TheDerbyMercury_0004	1803	01	27	Trewman'sExeterFlyingPost	1803.01.27_Trewman'sExeterFlyingPost_0003
277	439	448	1803	05	12	Trewman'sExeterFlyingPost	1803.05.12_Trewman'sExeterFlyingPost_0003	1803	01	27	Trewman'sExeterFlyingPost	1803.01.27_Trewman'sExeterFlyingPost_0003
294	432	426	1803	05	14	Jackson'sOxfordJournal	1803.05.14_Jackson'sOxfordJournal_0001	1803	01	01	Jackson'sOxfordJournal	1803.01.01_Jackson'sOxfordJournal_0002
245	344	363	1803	05	14	Jackson'sOxfordJournal	1803.05.14_Jackson'sOxfordJournal_0001	1803	01	08	Jackson'sOxfordJournal	1803.01.08_Jackson'sOxfordJournal_0001
236	324	326	1803	05	14	Jackson'sOxfordJournal	1803.05.14_Jackson'sOxfordJournal_0001	1803	01	08	Jackson'sOxfordJournal	1803.01.08_Jackson'sOxfordJournal_0002
317	473	463	1803	05	14	Jackson'sOxfordJournal	1803.05.14_Jackson'sOxfordJournal_0004	1803	01	15	Jackson'sOxfordJournal	1803.01.15_Jackson'sOxfordJournal_0004
284	442	440	1803	05	14	TheNewcastleCourantetc	1803.05.14_TheNewcastleCourantetc_0003	1803	01	06	TheDerbyMercury	1803.01.06_TheDerbyMercury_0003
217	339	332	1803	05	14	TheNewcastleCourantetc	1803.05.14_TheNewcastleCourantetc_0003	1803	01	08	TheNewcastleCourantetc	1803.01.08_TheNewcastleCourantetc_0003
285	480	489	1803	05	14	TheNewcastleCourantetc	1803.05.14_TheNewcastleCourantetc_0003	1803	01	15	TheNewcastleCourantetc	1803.01.15_TheNewcastleCourantetc_0003
398	641	646	1803	05	14	TheNewcastleCourantetc	1803.05.14_TheNewcastleCourantetc_0003	1803	01	29	TheNewcastleCourantetc	1803.01.29_TheNewcastleCourantetc_0003
201	332	319	1803	05	19	TheDerbyMercury	1803.05.19_TheDerbyMercury_0004	1803	01	06	TheDerbyMercury	1803.01.06_TheDerbyMercury_0002
244	443	412	1803	05	19	TheDerbyMercury	1803.05.19_TheDerbyMercury_0004	1803	01	13	TheDerbyMercury	1803.01.13_TheDerbyMercury_0002
246	404	394	1803	05	19	TheDerbyMercury	1803.05.19_TheDerbyMercury_0004	1803	01	20	TheDerbyMercury	1803.01.20_TheDerbyMercury_0002
339	516	517	1803	05	19	TheDerbyMercury	1803.05.19_TheDerbyMercury_0004	1803	01	27	TheDerbyMercury	1803.01.27_TheDerbyMercury_0003
280	436	433	1803	05	21	Jackson'sOxfordJournal	1803.05.21_Jackson'sOxfordJournal_0001	1803	01	01	Jackson'sOxfordJournal	1803.01.01_Jackson'sOxfordJournal_0002
302	441	448	1803	05	21	Jackson'sOxfordJournal	1803.05.21_Jackson'sOxfordJournal_0001	1803	01	15	Jackson'sOxfordJournal	1803.01.15_Jackson'sOxfordJournal_0001
220	344	331	1803	05	21	TheNewcastleCourantetc	1803.05.21_TheNewcastleCourantetc_0003	1803	01	06	TheDerbyMercury	1803.01.06_TheDerbyMercury_0003
237	386	391	1803	05	21	TheNewcastleCourantetc	1803.05.21_TheNewcastleCourantetc_0003	1803	01	13	TheDerbyMercury	1803.01.13_TheDerbyMercury_0003
423	640	639	1803	05	21	TheNewcastleCourantetc	1803.05.21_TheNewcastleCourantetc_0003	1803	01	22	TheNewcastleCourantetc	1803.01.22_TheNewcastleCourantetc_0003
380	596	598	1803	05	21	TheNewcastleCourantetc	1803.05.21_TheNewcastleCourantetc_0003	1803	01	27	Trewman'sExeterFlyingPost	1803.01.27_Trewman'sExeterFlyingPost_0003
255	403	400	1803	05	21	TheNewcastleCourantetc	1803.05.21_TheNewcastleCourantetc_0003	1803	01	29	TheNewcastleCourantetc	1803.01.29_TheNewcastleCourantetc_0003
225	379	366	1803	05	26	TheDerbyMercury	1803.05.26_TheDerbyMercury_0004	1803	01	13	TheDerbyMercury	1803.01.13_TheDerbyMercury_0002
307	479	508	1803	05	26	Trewman'sExeterFlyingPost	1803.05.26_Trewman'sExeterFlyingPost_0003	1803	01	20	Trewman'sExeterFlyingPost	1803.01.20_Trewman'sExeterFlyingPost_0003
324	494	515	1803	05	26	Trewman'sExeterFlyingPost	1803.05.26_Trewman'sExeterFlyingPost_0003	1803	01	27	Trewman'sExeterFlyingPost	1803.01.27_Trewman'sExeterFlyingPost_0003
299	468	483	1803	05	28	TheNewcastleCourantetc	1803.05.28_TheNewcastleCourantetc_0003	1803	01	22	TheNewcastleCourantetc	1803.01.22_TheNewcastleCourantetc_0003
321	419	404	I:\BL_TXTS\1800s\1803\05\1803.05.30_HampshireTelegraph&PortsmouthGazette_0004.txt	I:\BL_TXTS\1800s\1803\01\1803.01.06_TheDerbyMercury_0003.txt
205	332	314	I:\BL_TXTS\1800s\1803\05\1803.05.30_HampshireTelegraph&PortsmouthGazette_0004.txt	I:\BL_TXTS\1800s\1803\01\1803.01.08_TheNewcastleCourantetc_0003.txt
258	400	380	I:\BL_TXTS\1800s\1803\05\1803.05.30_HampshireTelegraph&PortsmouthGazette_0004.txt	I:\BL_TXTS\1800s\1803\01\1803.01.17_HampshireTelegraph&PortsmouthGazette_0004.txt
566	775	735	I:\BL_TXTS\1800s\1803\05\1803.05.30_HampshireTelegraph&PortsmouthGazette_0004.txt	I:\BL_TXTS\1800s\1803\01\1803.01.24_HampshireTelegraph&PortsmouthGazette_0004.txt
258	392	379	I:\BL_TXTS\1800s\1803\05\1803.05.30_HampshireTelegraph&PortsmouthGazette_0004.txt	I:\BL_TXTS\1800s\1803\01\1803.01.31_HampshireTelegraph&PortsmouthGazette_0002.txt
205	305	323	1803	06	02	Trewman'sExeterFlyingPost	1803.06.02_Trewman'sExeterFlyingPost_0001	1803	01	27	Trewman'sExeterFlyingPost	1803.01.27_Trewman'sExeterFlyingPost_0003
391	608	609	1803	06	02	Trewman'sExeterFlyingPost	1803.06.02_Trewman'sExeterFlyingPost_0003	1803	01	27	Trewman'sExeterFlyingPost	1803.01.27_Trewman'sExeterFlyingPost_0003
230	359	357	1803	06	04	Jackson'sOxfordJournal	1803.06.04_Jackson'sOxfordJournal_0001	1803	01	01	Jackson'sOxfordJournal	1803.01.01_Jackson'sOxfordJournal_0002
208	303	301	1803	06	04	Jackson'sOxfordJournal	1803.06.04_Jackson'sOxfordJournal_0001	1803	01	08	Jackson'sOxfordJournal	1803.01.08_Jackson'sOxfordJournal_0002
209	307	308	1803	06	04	Jackson'sOxfordJournal	1803.06.04_Jackson'sOxfordJournal_0003	1803	01	08	Jackson'sOxfordJournal	1803.01.08_Jackson'sOxfordJournal_0002
224	317	310	1803	06	04	Jackson'sOxfordJournal	1803.06.04_Jackson'sOxfordJournal_0003	1803	01	15	Jackson'sOxfordJournal	1803.01.15_Jackson'sOxfordJournal_0001
260	434	427	1803	06	04	TheNewcastleCourantetc	1803.06.04_TheNewcastleCourantetc_0003	1803	01	08	TheNewcastleCourantetc	1803.01.08_TheNewcastleCourantetc_0003
233	380	371	1803	06	04	TheNewcastleCourantetc	1803.06.04_TheNewcastleCourantetc_0003	1803	01	29	TheNewcastleCourantetc	1803.01.29_TheNewcastleCourantetc_0003
245	382	373	I:\BL_TXTS\1800s\1803\06\1803.06.06_HampshireTelegraph&PortsmouthGazette_0004.txt	I:\BL_TXTS\1800s\1803\01\1803.01.03_HampshireTelegraph&PortsmouthGazette_0004.txt
216	351	354	I:\BL_TXTS\1800s\1803\06\1803.06.06_HampshireTelegraph&PortsmouthGazette_0004.txt	I:\BL_TXTS\1800s\1803\01\1803.01.17_HampshireTelegraph&PortsmouthGazette_0004.txt
373	532	523	1803	06	09	Trewman'sExeterFlyingPost	1803.06.09_Trewman'sExeterFlyingPost_0003	1803	01	06	TheDerbyMercury	1803.01.06_TheDerbyMercury_0003
201	355	357	1803	06	09	Trewman'sExeterFlyingPost	1803.06.09_Trewman'sExeterFlyingPost_0003	1803	01	13	Trewman'sExeterFlyingPost	1803.01.13_Trewman'sExeterFlyingPost_0002
259	377	365	I:\BL_TXTS\1800s\1803\06\1803.06.09_Trewman'sExeterFlyingPost_0003.txt	I:\BL_TXTS\1800s\1803\01\1803.01.24_HampshireTelegraph&PortsmouthGazette_0004.txt
236	375	389	1803	06	09	Trewman'sExeterFlyingPost	1803.06.09_Trewman'sExeterFlyingPost_0003	1803	01	27	Trewman'sExeterFlyingPost	1803.01.27_Trewman'sExeterFlyingPost_0003
239	400	394	1803	06	09	Trewman'sExeterFlyingPost	1803.06.09_Trewman'sExeterFlyingPost_0003	1803	01	29	TheNewcastleCourantetc	1803.01.29_TheNewcastleCourantetc_0003
361	581	587	1803	06	11	TheNewcastleCourantetc	1803.06.11_TheNewcastleCourantetc_0003	1803	01	15	TheNewcastleCourantetc	1803.01.15_TheNewcastleCourantetc_0003
235	400	379	1803	06	16	TheDerbyMercury	1803.06.16_TheDerbyMercury_0004	1803	01	06	TheDerbyMercury	1803.01.06_TheDerbyMercury_0002
211	308	317	1803	06	16	TheDerbyMercury	1803.06.16_TheDerbyMercury_0004	1803	01	06	TheDerbyMercury	1803.01.06_TheDerbyMercury_0003
324	535	505	1803	06	16	TheDerbyMercury	1803.06.16_TheDerbyMercury_0004	1803	01	13	TheDerbyMercury	1803.01.13_TheDerbyMercury_0002
312	501	514	1803	06	16	TheDerbyMercury	1803.06.16_TheDerbyMercury_0004	1803	01	13	TheDerbyMercury	1803.01.13_TheDerbyMercury_0003
237	397	387	1803	06	16	TheDerbyMercury	1803.06.16_TheDerbyMercury_0004	1803	01	20	TheDerbyMercury	1803.01.20_TheDerbyMercury_0002
223	367	375	1803	06	16	TheDerbyMercury	1803.06.16_TheDerbyMercury_0004	1803	01	27	Trewman'sExeterFlyingPost	1803.01.27_Trewman'sExeterFlyingPost_0003
239	365	374	1803	06	16	Trewman'sExeterFlyingPost	1803.06.16_Trewman'sExeterFlyingPost_0002	1803	01	20	Trewman'sExeterFlyingPost	1803.01.20_Trewman'sExeterFlyingPost_0003
252	399	408	1803	06	18	TheNewcastleCourantetc	1803.06.18_TheNewcastleCourantetc_0003	1803	01	22	TheNewcastleCourantetc	1803.01.22_TheNewcastleCourantetc_0003
270	434	406	1803	06	23	TheDerbyMercury	1803.06.23_TheDerbyMercury_0004	1803	01	06	TheDerbyMercury	1803.01.06_TheDerbyMercury_0003
235	343	344	1803	06	23	Trewman'sExeterFlyingPost	1803.06.23_Trewman'sExeterFlyingPost_0002	1803	01	13	TheDerbyMercury	1803.01.13_TheDerbyMercury_0003
331	502	480	1803	06	23	Trewman'sExeterFlyingPost	1803.06.23_Trewman'sExeterFlyingPost_0002	1803	01	27	Trewman'sExeterFlyingPost	1803.01.27_Trewman'sExeterFlyingPost_0003
203	325	343	1803	06	23	Trewman'sExeterFlyingPost	1803.06.23_Trewman'sExeterFlyingPost_0003	1803	01	13	Trewman'sExeterFlyingPost	1803.01.13_Trewman'sExeterFlyingPost_0003
225	346	331	1803	06	23	Trewman'sExeterFlyingPost	1803.06.23_Trewman'sExeterFlyingPost_0003	1803	01	20	Trewman'sExeterFlyingPost	1803.01.20_Trewman'sExeterFlyingPost_0002
467	687	711	1803	06	23	Trewman'sExeterFlyingPost	1803.06.23_Trewman'sExeterFlyingPost_0003	1803	01	27	Trewman'sExeterFlyingPost	1803.01.27_Trewman'sExeterFlyingPost_0003
220	283	300	1803	06	25	Jackson'sOxfordJournal	1803.06.25_Jackson'sOxfordJournal_0002	1803	01	08	Jackson'sOxfordJournal	1803.01.08_Jackson'sOxfordJournal_0001
304	465	465	1803	06	25	TheNewcastleCourantetc	1803.06.25_TheNewcastleCourantetc_0003	1803	01	06	TheDerbyMercury	1803.01.06_TheDerbyMercury_0003
231	346	342	1803	06	25	TheNewcastleCourantetc	1803.06.25_TheNewcastleCourantetc_0003	1803	01	08	TheNewcastleCourantetc	1803.01.08_TheNewcastleCourantetc_0003
233	338	325	I:\BL_TXTS\1800s\1803\06\1803.06.25_TheNewcastleCourantetc_0003.txt	I:\BL_TXTS\1800s\1803\01\1803.01.24_HampshireTelegraph&PortsmouthGazette_0004.txt
368	541	544	1803	06	25	TheNewcastleCourantetc	1803.06.25_TheNewcastleCourantetc_0003	1803	01	29	TheNewcastleCourantetc	1803.01.29_TheNewcastleCourantetc_0003
259	375	367	I:\BL_TXTS\1800s\1803\06\1803.06.27_HampshireTelegraph&PortsmouthGazette_0004.txt	I:\BL_TXTS\1800s\1803\01\1803.01.24_HampshireTelegraph&PortsmouthGazette_0004.txt
262	464	448	1803	06	30	TheDerbyMercury	1803.06.30_TheDerbyMercury_0004	1803	01	13	TheDerbyMercury	1803.01.13_TheDerbyMercury_0002
265	435	418	1803	06	30	TheDerbyMercury	1803.06.30_TheDerbyMercury_0004	1803	01	20	TheDerbyMercury	1803.01.20_TheDerbyMercury_0002
352	528	518	1803	06	30	Trewman'sExeterFlyingPost	1803.06.30_Trewman'sExeterFlyingPost_0003	1803	01	06	TheDerbyMercury	1803.01.06_TheDerbyMercury_0003
259	395	401	1803	06	30	Trewman'sExeterFlyingPost	1803.06.30_Trewman'sExeterFlyingPost_0003	1803	01	20	Trewman'sExeterFlyingPost	1803.01.20_Trewman'sExeterFlyingPost_0003
246	378	358	I:\BL_TXTS\1800s\1803\06\1803.06.30_Trewman'sExeterFlyingPost_0003.txt	I:\BL_TXTS\1800s\1803\01\1803.01.24_HampshireTelegraph&PortsmouthGazette_0004.txt
246	399	407	1803	06	30	Trewman'sExeterFlyingPost	1803.06.30_Trewman'sExeterFlyingPost_0003	1803	01	27	Trewman'sExeterFlyingPost	1803.01.27_Trewman'sExeterFlyingPost_0003
260	375	379	1803	07	02	Jackson'sOxfordJournal	1803.07.02_Jackson'sOxfordJournal_0001	1803	01	15	Jackson'sOxfordJournal	1803.01.15_Jackson'sOxfordJournal_0001
241	366	359	1803	07	02	Jackson'sOxfordJournal	1803.07.02_Jackson'sOxfordJournal_0001	1803	01	29	Jackson'sOxfordJournal	1803.01.29_Jackson'sOxfordJournal_0001
202	243	248	1803	07	02	Jackson'sOxfordJournal	1803.07.02_Jackson'sOxfordJournal_0002	1803	01	08	Jackson'sOxfordJournal	1803.01.08_Jackson'sOxfordJournal_0001
232	321	329	1803	07	02	Jackson'sOxfordJournal	1803.07.02_Jackson'sOxfordJournal_0003	1803	01	08	Jackson'sOxfordJournal	1803.01.08_Jackson'sOxfordJournal_0001
214	308	313	1803	07	02	Jackson'sOxfordJournal	1803.07.02_Jackson'sOxfordJournal_0004	1803	01	01	Jackson'sOxfordJournal	1803.01.01_Jackson'sOxfordJournal_0002
282	472	467	1803	07	02	Jackson'sOxfordJournal	1803.07.02_Jackson'sOxfordJournal_0004	1803	01	15	Jackson'sOxfordJournal	1803.01.15_Jackson'sOxfordJournal_0004
326	531	526	1803	07	07	Trewman'sExeterFlyingPost	1803.07.07_Trewman'sExeterFlyingPost_0003	1803	01	27	Trewman'sExeterFlyingPost	1803.01.27_Trewman'sExeterFlyingPost_0003
211	345	341	1803	07	09	Jackson'sOxfordJournal	1803.07.09_Jackson'sOxfordJournal_0001	1803	01	01	Jackson'sOxfordJournal	1803.01.01_Jackson'sOxfordJournal_0002
457	639	650	1803	07	09	Jackson'sOxfordJournal	1803.07.09_Jackson'sOxfordJournal_0001	1803	01	08	Jackson'sOxfordJournal	1803.01.08_Jackson'sOxfordJournal_0001
251	407	414	1803	07	09	TheNewcastleCourantetc	1803.07.09_TheNewcastleCourantetc_0003	1803	01	22	TheNewcastleCourantetc	1803.01.22_TheNewcastleCourantetc_0003
241	363	385	1803	07	14	TheDerbyMercury	1803.07.14_TheDerbyMercury_0001	1803	01	13	TheDerbyMercury	1803.01.13_TheDerbyMercury_0003
210	355	355	1803	07	14	TheDerbyMercury	1803.07.14_TheDerbyMercury_0004	1803	01	06	TheDerbyMercury	1803.01.06_TheDerbyMercury_0002
222	376	385	1803	07	16	TheNewcastleCourantetc	1803.07.16_TheNewcastleCourantetc_0003	1803	01	29	TheNewcastleCourantetc	1803.01.29_TheNewcastleCourantetc_0003
285	431	440	1803	07	21	TheDerbyMercury	1803.07.21_TheDerbyMercury_0004	1803	01	06	TheDerbyMercury	1803.01.06_TheDerbyMercury_0003
206	324	326	1803	07	21	Trewman'sExeterFlyingPost	1803.07.21_Trewman'sExeterFlyingPost_0003	1803	01	27	Trewman'sExeterFlyingPost	1803.01.27_Trewman'sExeterFlyingPost_0003
412	612	615	1803	07	28	Trewman'sExeterFlyingPost	1803.07.28_Trewman'sExeterFlyingPost_0003	1803	01	27	Trewman'sExeterFlyingPost	1803.01.27_Trewman'sExeterFlyingPost_0003
424	591	588	1803	08	04	Trewman'sExeterFlyingPost	1803.08.04_Trewman'sExeterFlyingPost_0003	1803	01	06	TheDerbyMercury	1803.01.06_TheDerbyMercury_0003
368	625	646	1803	08	04	Trewman'sExeterFlyingPost	1803.08.04_Trewman'sExeterFlyingPost_0003	1803	01	13	Trewman'sExeterFlyingPost	1803.01.13_Trewman'sExeterFlyingPost_0002
248	376	393	1803	08	04	Trewman'sExeterFlyingPost	1803.08.04_Trewman'sExeterFlyingPost_0003	1803	01	20	Trewman'sExeterFlyingPost	1803.01.20_Trewman'sExeterFlyingPost_0003
389	561	553	I:\BL_TXTS\1800s\1803\08\1803.08.04_Trewman'sExeterFlyingPost_0003.txt	I:\BL_TXTS\1800s\1803\01\1803.01.24_HampshireTelegraph&PortsmouthGazette_0004.txt
274	406	422	1803	08	04	Trewman'sExeterFlyingPost	1803.08.04_Trewman'sExeterFlyingPost_0003	1803	01	27	Trewman'sExeterFlyingPost	1803.01.27_Trewman'sExeterFlyingPost_0003
238	381	382	1803	08	04	Trewman'sExeterFlyingPost	1803.08.04_Trewman'sExeterFlyingPost_0003	1803	01	29	TheNewcastleCourantetc	1803.01.29_TheNewcastleCourantetc_0003
334	503	509	1803	08	06	TheNewcastleCourantetc	1803.08.06_TheNewcastleCourantetc_0003	1803	01	06	TheDerbyMercury	1803.01.06_TheDerbyMercury_0003
350	569	567	1803	08	06	TheNewcastleCourantetc	1803.08.06_TheNewcastleCourantetc_0003	1803	01	08	TheNewcastleCourantetc	1803.01.08_TheNewcastleCourantetc_0003
211	333	320	I:\BL_TXTS\1800s\1803\08\1803.08.06_TheNewcastleCourantetc_0003.txt	I:\BL_TXTS\1800s\1803\01\1803.01.24_HampshireTelegraph&PortsmouthGazette_0004.txt
341	537	538	1803	08	06	TheNewcastleCourantetc	1803.08.06_TheNewcastleCourantetc_0003	1803	01	29	TheNewcastleCourantetc	1803.01.29_TheNewcastleCourantetc_0003
312	486	506	1803	08	11	Trewman'sExeterFlyingPost	1803.08.11_Trewman'sExeterFlyingPost_0003	1803	01	20	Trewman'sExeterFlyingPost	1803.01.20_Trewman'sExeterFlyingPost_0003
337	513	524	1803	08	11	Trewman'sExeterFlyingPost	1803.08.11_Trewman'sExeterFlyingPost_0003	1803	01	27	Trewman'sExeterFlyingPost	1803.01.27_Trewman'sExeterFlyingPost_0003
219	289	294	1803	08	13	Jackson'sOxfordJournal	1803.08.13_Jackson'sOxfordJournal_0004	1803	01	15	Jackson'sOxfordJournal	1803.01.15_Jackson'sOxfordJournal_0001
218	327	324	1803	08	13	Jackson'sOxfordJournal	1803.08.13_Jackson'sOxfordJournal_0004	1803	01	29	Jackson'sOxfordJournal	1803.01.29_Jackson'sOxfordJournal_0001
268	455	464	1803	08	13	TheNewcastleCourantetc	1803.08.13_TheNewcastleCourantetc_0003	1803	01	15	TheNewcastleCourantetc	1803.01.15_TheNewcastleCourantetc_0003
307	507	515	1803	08	18	Trewman'sExeterFlyingPost	1803.08.18_Trewman'sExeterFlyingPost_0002	1803	01	27	Trewman'sExeterFlyingPost	1803.01.27_Trewman'sExeterFlyingPost_0003
436	669	628	1803	08	25	TheDerbyMercury	1803.08.25_TheDerbyMercury_0004	1803	01	06	TheDerbyMercury	1803.01.06_TheDerbyMercury_0003
215	336	310	I:\BL_TXTS\1800s\1803\08\1803.08.25_TheDerbyMercury_0004.txt	I:\BL_TXTS\1800s\1803\01\1803.01.24_HampshireTelegraph&PortsmouthGazette_0004.txt
258	421	407	1803	08	25	Trewman'sExeterFlyingPost	1803.08.25_Trewman'sExeterFlyingPost_0003	1803	01	06	TheDerbyMercury	1803.01.06_TheDerbyMercury_0003
209	321	330	1803	08	27	Jackson'sOxfordJournal	1803.08.27_Jackson'sOxfordJournal_0001	1803	01	08	Jackson'sOxfordJournal	1803.01.08_Jackson'sOxfordJournal_0001
249	350	347	1803	08	27	Jackson'sOxfordJournal	1803.08.27_Jackson'sOxfordJournal_0001	1803	01	15	Jackson'sOxfordJournal	1803.01.15_Jackson'sOxfordJournal_0001
204	343	342	1803	08	27	TheNewcastleCourantetc	1803.08.27_TheNewcastleCourantetc_0003	1803	01	29	TheNewcastleCourantetc	1803.01.29_TheNewcastleCourantetc_0003
